City,Flag URL,Country,Metro URL,Name,Service opened,Last expanded,Stations,Lines,System length( km),Annual ridership (millions)
Algiers,https://upload.wikimedia.org/wikipedia/commons/thumb/7/77/Flag_of_Algeria.svg/188px-Flag_of_Algeria.svg.png,Algeria,https://upload.wikimedia.org/wikipedia/en/thumb/a/ab/Metroalger.svg/113px-Metroalger.svg.png,Algiers Metro,2011,2018,19,1,18.5,45.3
Buenos Aires,https://upload.wikimedia.org/wikipedia/commons/thumb/1/1a/Flag_of_Argentina.svg/188px-Flag_of_Argentina.svg.png,Argentina,https://upload.wikimedia.org/wikipedia/commons/thumb/b/bf/Subte-logo.svg/150px-Subte-logo.svg.png,Buenos Aires Underground,1913,2019,78,7,56.7,236
Yerevan,https://upload.wikimedia.org/wikipedia/commons/thumb/2/2f/Flag_of_Armenia.svg/188px-Flag_of_Armenia.svg.png,Armenia,https://upload.wikimedia.org/wikipedia/commons/thumb/8/8f/Yerevan_Metro.svg/180px-Yerevan_Metro.svg.png,Yerevan Metro,1981,1996,10,1,12.1,23.3
Sydney,https://upload.wikimedia.org/wikipedia/commons/thumb/8/88/Flag_of_Australia_%28converted%29.svg/188px-Flag_of_Australia_%28converted%29.svg.png,Australia,https://upload.wikimedia.org/wikipedia/commons/thumb/8/89/TfNSW_M.svg/150px-TfNSW_M.svg.png,Sydney Metro,2019,2024,21,1,52,39.7
Vienna,https://upload.wikimedia.org/wikipedia/commons/thumb/4/41/Flag_of_Austria.svg/188px-Flag_of_Austria.svg.png,Austria,https://upload.wikimedia.org/wikipedia/commons/thumb/1/16/U-Bahn_Wien.svg/90px-U-Bahn_Wien.svg.png,Vienna U-Bahn,1978,2017,98,5,83.3,459.8
Baku,https://upload.wikimedia.org/wikipedia/commons/thumb/d/dd/Flag_of_Azerbaijan.svg/188px-Flag_of_Azerbaijan.svg.png,Azerbaijan,https://upload.wikimedia.org/wikipedia/commons/thumb/c/cd/Baku_metro_logo.svg/180px-Baku_metro_logo.svg.png,Baku Metro,1967,2022,27,3,40.7,202.5
Dhaka,https://upload.wikimedia.org/wikipedia/commons/thumb/f/f9/Flag_of_Bangladesh.svg/188px-Flag_of_Bangladesh.svg.png,Bangladesh,https://upload.wikimedia.org/wikipedia/en/thumb/b/b8/Dhaka_Mass_Transit_Company_Limited_logo.svg/135px-Dhaka_Mass_Transit_Company_Limited_logo.svg.png,Dhaka Metro Rail,2022,2023,16,1,20.1,100.38
Minsk,https://upload.wikimedia.org/wikipedia/commons/thumb/8/85/Flag_of_Belarus.svg/188px-Flag_of_Belarus.svg.png,Belarus,https://upload.wikimedia.org/wikipedia/commons/thumb/2/26/Minsk_metro_logo.svg/180px-Minsk_metro_logo.svg.png,Minsk Metro,1984,2024,36,3,45,234
Brussels,https://upload.wikimedia.org/wikipedia/commons/thumb/6/65/Flag_of_Belgium.svg/188px-Flag_of_Belgium.svg.png,Belgium,https://upload.wikimedia.org/wikipedia/commons/thumb/4/49/Brussels_Metro_Logo.svg/113px-Brussels_Metro_Logo.svg.png,Brussels Metro,1976,2009,59,4,39.9,129.2
Belo Horizonte,https://upload.wikimedia.org/wikipedia/en/thumb/0/05/Flag_of_Brazil.svg/188px-Flag_of_Brazil.svg.png,Brazil,https://upload.wikimedia.org/wikipedia/commons/3/3e/Metr%C3%B4_Logo_V2.png,Belo Horizonte Metro,1986,2002,19,1,28.1,54.4
BrasÃ­lia,https://upload.wikimedia.org/wikipedia/en/thumb/0/05/Flag_of_Brazil.svg/188px-Flag_of_Brazil.svg.png,Brazil,https://upload.wikimedia.org/wikipedia/commons/thumb/b/b2/Metr%C3%B4-DF_logo.jpg/150px-Metr%C3%B4-DF_logo.jpg,Federal District Metro,2001,2020,27,2,42.4,39.1
Fortaleza,https://upload.wikimedia.org/wikipedia/en/thumb/0/05/Flag_of_Brazil.svg/188px-Flag_of_Brazil.svg.png,Brazil,https://upload.wikimedia.org/wikipedia/commons/thumb/5/5c/Logo_Metrofor.svg/375px-Logo_Metrofor.svg.png,Fortaleza Metro,2012,2013,20,2,24.1,8.9
Porto Alegre,https://upload.wikimedia.org/wikipedia/en/thumb/0/05/Flag_of_Brazil.svg/188px-Flag_of_Brazil.svg.png,Brazil,https://upload.wikimedia.org/wikipedia/commons/thumb/a/a7/Trensurb_-_logo.png/225px-Trensurb_-_logo.png,Porto Alegre Metro,1985,2014,22,1,43.8,31.9
Recife,https://upload.wikimedia.org/wikipedia/en/thumb/0/05/Flag_of_Brazil.svg/188px-Flag_of_Brazil.svg.png,Brazil,https://upload.wikimedia.org/wikipedia/commons/thumb/a/aa/CBTU_Logo.svg/300px-CBTU_Logo.svg.png,Recife Metro,1985,2009,28,3,39.5,93.5
Rio de Janeiro,https://upload.wikimedia.org/wikipedia/en/thumb/0/05/Flag_of_Brazil.svg/188px-Flag_of_Brazil.svg.png,Brazil,https://upload.wikimedia.org/wikipedia/commons/thumb/1/1c/Logo_MetroRio.svg/75px-Logo_MetroRio.svg.png,Rio de Janeiro Metro,1979,2016,41,3,58,118.7
Salvador,https://upload.wikimedia.org/wikipedia/en/thumb/0/05/Flag_of_Brazil.svg/188px-Flag_of_Brazil.svg.png,Brazil,https://upload.wikimedia.org/wikipedia/commons/c/cc/CCR_Metr%C3%B4_Bahia.png,Salvador Metro,2014,2023,20,2,34,62
SÃ£o Paulo,https://upload.wikimedia.org/wikipedia/en/thumb/0/05/Flag_of_Brazil.svg/188px-Flag_of_Brazil.svg.png,Brazil,https://upload.wikimedia.org/wikipedia/commons/thumb/d/d7/Metr%C3%B4-SP_logo.svg/375px-Metr%C3%B4-SP_logo.svg.png,SÃ£o Paulo Metro,1974,2021,89,6,104.4,1196.5
Sofia,https://upload.wikimedia.org/wikipedia/commons/thumb/9/9a/Flag_of_Bulgaria.svg/188px-Flag_of_Bulgaria.svg.png,Bulgaria,https://upload.wikimedia.org/wikipedia/commons/thumb/7/73/Sofia_Metro_Logo.svg/150px-Sofia_Metro_Logo.svg.png,Sofia Metro,1998,2021,47,4,52,92.4
Montreal,https://upload.wikimedia.org/wikipedia/commons/thumb/d/d9/Flag_of_Canada_%28Pantone%29.svg/188px-Flag_of_Canada_%28Pantone%29.svg.png,Canada,https://upload.wikimedia.org/wikipedia/commons/thumb/8/8d/Montreal_public_transit_icons_-_M%C3%A9tro.svg/150px-Montreal_public_transit_icons_-_M%C3%A9tro.svg.png,Montreal Metro,1966,2007,68,4,69.2,304
Montreal,https://upload.wikimedia.org/wikipedia/commons/thumb/d/d9/Flag_of_Canada_%28Pantone%29.svg/188px-Flag_of_Canada_%28Pantone%29.svg.png,Canada,https://upload.wikimedia.org/wikipedia/commons/thumb/e/ec/Logo_R%C3%A9seau_express_m%C3%A9tropolitain.svg/225px-Logo_R%C3%A9seau_express_m%C3%A9tropolitain.svg.png,RÃ©seau express mÃ©tropolitain,2023,â€“,5,1,16.6,
Toronto,https://upload.wikimedia.org/wikipedia/commons/thumb/d/d9/Flag_of_Canada_%28Pantone%29.svg/188px-Flag_of_Canada_%28Pantone%29.svg.png,Canada,https://upload.wikimedia.org/wikipedia/commons/thumb/e/e3/Logo_of_the_Toronto_Transit_Commission.svg/225px-Logo_of_the_Toronto_Transit_Commission.svg.png,Toronto subway,1954,2017,70,3,70.5,302.5
Vancouver,https://upload.wikimedia.org/wikipedia/commons/thumb/d/d9/Flag_of_Canada_%28Pantone%29.svg/188px-Flag_of_Canada_%28Pantone%29.svg.png,Canada,https://upload.wikimedia.org/wikipedia/commons/thumb/1/16/Skytrain.svg/330px-Skytrain.svg.png,SkyTrain,1985,2024,54,3,79.6,141.3
Santiago,https://upload.wikimedia.org/wikipedia/commons/thumb/7/78/Flag_of_Chile.svg/188px-Flag_of_Chile.svg.png,Chile,https://upload.wikimedia.org/wikipedia/commons/thumb/4/4f/Metro_de_Santiago_Logo.svg/375px-Metro_de_Santiago_Logo.svg.png,Santiago Metro,1975,2023,126,7,149,544.4
Beijing,https://upload.wikimedia.org/wikipedia/commons/thumb/f/fa/Flag_of_the_People%27s_Republic_of_China.svg/188px-Flag_of_the_People%27s_Republic_of_China.svg.png,China,https://upload.wikimedia.org/wikipedia/commons/thumb/3/36/Beijing_Subway_simplified_logo.svg/120px-Beijing_Subway_simplified_logo.svg.png,Beijing Subway,1971,2024,414,29,861,3445.7
Changchun,https://upload.wikimedia.org/wikipedia/commons/thumb/f/fa/Flag_of_the_People%27s_Republic_of_China.svg/188px-Flag_of_the_People%27s_Republic_of_China.svg.png,China,https://encrypted-tbn0.gstatic.com/images?q=tbn:ANd9GcSVywY0T5bEpQ3gUyixBKLglPbV_1Y52_UZyQ&s,Changchun Rail Transit,2017,2024,83,3,72.6,219.1
Changsha,https://upload.wikimedia.org/wikipedia/commons/thumb/f/fa/Flag_of_the_People%27s_Republic_of_China.svg/188px-Flag_of_the_People%27s_Republic_of_China.svg.png,China,https://upload.wikimedia.org/wikipedia/en/thumb/e/eb/Changsha_Metro_logo.svg/120px-Changsha_Metro_logo.svg.png,Changsha Metro,2014,2024,140,6,218.28,943.9
Changzhou,https://upload.wikimedia.org/wikipedia/commons/thumb/f/fa/Flag_of_the_People%27s_Republic_of_China.svg/188px-Flag_of_the_People%27s_Republic_of_China.svg.png,China,https://upload.wikimedia.org/wikipedia/en/thumb/f/fb/ChangzhouMetro.svg/120px-ChangzhouMetro.svg.png,Changzhou Metro,2019,2021,43,2,54,73.1
Chengdu,https://upload.wikimedia.org/wikipedia/commons/thumb/f/fa/Flag_of_the_People%27s_Republic_of_China.svg/188px-Flag_of_the_People%27s_Republic_of_China.svg.png,China,https://upload.wikimedia.org/wikipedia/commons/thumb/7/7f/Chengdu_Metro_icon.svg/180px-Chengdu_Metro_icon.svg.png,Chengdu Metro,2010,2024,296,13,632.84,2109.2
Chongqing,https://upload.wikimedia.org/wikipedia/commons/thumb/f/fa/Flag_of_the_People%27s_Republic_of_China.svg/188px-Flag_of_the_People%27s_Republic_of_China.svg.png,China,https://static.wikia.nocookie.net/rapidtransit/images/6/6c/Chongqing_Rail_Transit.png/revision/latest?cb=20100811231240,Chongqing Rail Transit,2004,2025,263,12,560.04,1456.94
Dalian,https://upload.wikimedia.org/wikipedia/commons/thumb/f/fa/Flag_of_the_People%27s_Republic_of_China.svg/188px-Flag_of_the_People%27s_Republic_of_China.svg.png,China,"data:image/png;base64,iVBORw0KGgoAAAANSUhEUgAAAOEAAADhCAMAAAAJbSJIAAAAe1BMVEX///8AAADHx8dra2uIiIhwcHC6urqTk5OLi4vm5ub4+Pj8/PyVlZX19fXo6Ojy8vJCQkJJSUkiIiKmpqYYGBiCgoJjY2OsrKwSEhLS0tLa2tpcXFxKSkolJSUvLy80NDQ8PDyenp55eXnKysq0tLS+vr5TU1McHBwNDQ3nhJRjAAAJzUlEQVR4nNWdWWPiOgyFC2VNSsLSBShbaCn8/194y7S9Uxg7OpItOXwP8zYph2BrtXx3p0+elYvebFYN9pPWmcfdc2f20l6WWW7w15Uplu+d53XLx/T1abYoUn9IMcvefnXyivvF6ukwTP1h+bSfpoi4/zl2X27nXebF7Jml7odtf3kLC3PZGYvkfbHZL1ILqKeodgHyvt9k1dyf69tHsLwvVofUUlyMZttI+s5MqzK1oCtG1WNEfWfmg0b9WB8gu8dl35T3OKo05P1h0AiN77F/nxdUWWp9i5Wmvk827aT6Rl1lfWfuR+kEvhjoO/OeSF/xaiSw1XpNEnu8m+k7U5nrK+1e4BdjYwegbazvjOmmWiUQ2Go9mOnLZQFuOB9G5n94TCTwE5P4+JBO3yczfYFWVt7Hk7bAfmKBn9ZfV+A+tb5PJoohVbJN9JKtnvGPlWkKZar1FrVDQQYqbzG39kTrOGoEG00SqPJDbcoa/GEdu8TRjF30N+O4TuogtR4HUU1/alfNTTeewBTxLkK0gHGZWomXSDWqklevNmUZRWHT7MRv1jE21CZuo3/5CBfY1F3mh+BEapFaAclboEJ2Y8V4slqtJk7GJJs5X+E0rHDDXoTBPn+56O15X+t9yJ9jW8JtqMAvigOnbNcL+EtsSxgvEzZ62cB/VR5JdbgCg77Of3hD+1fEPviCLTB2duEdTK8Lv9ic38G1ix2Wllj6UrifVmyBMeOZH7BCrGj9l3yBcZfhN0Nox5G44JI2iziu/hUlsuFM+M+VBIXT+PLOZIgHwA8VJX2wQd5FDRnwFjfcTU7UaaHW91L62/3/hxlk5LhD8Qu9rhdgzZx4FkPWLKMk78yM/uu8lygSqGAN/3JP/33OSpTlR1/U5H0yotdNH39aLsuu6TafAV4yvhJlr3Cq3O1CuyD4S5R13asuwzvEjZyjgaIwvabe6vJAfgR0JxDWQlWc0t9k5Pawwx40lAmMkn6uh7bSWGpR2DOj3MlzJiedN+hDjGQCLTrOgI4sJI0irYZatA3S2+kAeIr0+KC6vDNkO8GUdt2k5dAIRSAA2rGh9xra6LgxaqYnvdM9+Qjpj9TodCuZpH6knFNxzd5EH/IzpRI2/ET+FwbW8A8j0iRSySKhQLvDEHQkXL+b5sPCxfDM179ujOTdIY30jTwmzYAuu6v3umtD2otj6k8YCh0YqIdxytAhlGpGzAA6fLWyXGqQCtVa+a2YBCzEQ/9BRl/GrD0UlKdpt8u/EBM0c6877OaGinyoN76QFZyC4fogdLLTWxCWVO5jwKg3gB/T99t/0xfjhhc9A6kyX7AK1OiUYHkhwGLy5f3SHS6cs14ifcLM53wDxXItWL9Tesv3tUgaKPEx59RvgU4f939MeqyC4y0/0Y9zG1nbUR5XcNKtQMLTbWOlSag4MBIhgEL3Zhpz3hofRrdRRT/NnXB7a2vyRnyuTlSFO/xp8SB+W8/4kwCFSXI1hCfC6LwDFCp3vjih/GXGuV5EYYIhoT3iIwGFvx+Q8liCKW+Uq3XEFSLTR+zzbWSnyBh/FmK4mTFnBMiqGKO/GPDagEJpbMhfFsMeIlGe6wsbvvcEoKf/yJiOcZABOUXgygoj7/5fwEIPnVthGDAkJehSKEslgu+QjFu2jAAROXrtUJiLWhROYLaT/GExliGU9HREY3SB3AW6x5MPYvggUFuaS6EoHQx+9WT6YIMLxHonHUlhmULQOaqo53BcEMr/+4PjxyVTCBZWyOCaIRDr2nKchBStQ/DHRXYXsDo3oUN1rrOekkleSK/jHd0hwuvyh45KbB2PlNhDsGxEdfnwAgHok7kUSnL62HefEUucY+3R89c7x/8UzDABrSFlK3iH+padAYDLvlZ8haA1JDa/NUtgAJCZuQS0hoQfaZZwENRHsa4OIq4QnFEWwp+gsMIeTPw4QufL4PCPyoCxYf0mDX5NMRixp9+AC6j+IZbdoGy3DYsN623FTlXSFdxBH+C0napeYfdeBecmyHXbQKc05AovMe7WB+4ga2wFpRkW5va2uCYfc0rTjHB3J4SZnQpgbJimSccTrfAegi1DZGiHAp4VxDOI2DJM1MLiyS/zNlPMKa1UBJB4Pg3rYB7obaUZDeobBcTaTLHYMNPSUI9v+AHL98ac0kTXffgaATPOHX+YUyoraAXjLdUxthowbtUTUYs3Uc3w27DYsHzq6PLkouMv8zASGTd6yI/hJTfqklAGcKRjlgGMDTxJ8GbPacJtwhojIE2Abf7tnn8Dy6Q3uwxhi3izyxBOfKe6+jQGmEJrazibPrqYOzhR+SMorRJ9IDIBa+wRdc4ZCne0Z89dwUtIUoYMql4YW0NWMv5EGjIkorNthOdlqunfF7Cbclq0wmHWNYFyJJ3g1BqI7IR5/Bpp+afPyppaQ+ZYcSRPHbWdNxhuKgs6UUyOvtRW9Qtu5Qrr8KFyGYbLkH09A5hcISJ9w+Mo3Nn+6C5P5L7tlmHFFAh3cdZv0Kxj10Gwp/3Cc4TrDYaZU8ovzOEN/7XpfYtJrGeGnBrDF4ygrs4VNDq7KOjK5pzmymueY7PR5ILqOCs95l+JNmOmSsHJAbC/5xv/1GWTZkmJQG6G05sbtuglFN0Lyr521ecvGSgU3BUGzJ79B5+51Z+ILBu3LTBini4K9XUoK4xLriX01DDWYVdGUhSSozstoZX2tNeo2kPpMC7Z0W2PA67otS2FL5Dhcl/iziCojQ1ZyocaikNW95/UGQ/aDhjayJjHcIWnZ2v9Hne3ycoecJtTDQGFIm8MOulG43kFXsXpJSitkqhriwVjOpGDRAM/OTwGBjtJx9RBBB99q1IrIIjQUpBg9C6DXbhAybXAdhyjZByEN1yZECktlqiVGSBanU96u442ERuX0s3frSPM1F/RxA31I2oBRTaBSJVd5Lv6ssfUiq44Rr+MsEg4KdrBUaG1rpBdMKvDSSVblOa8qxuldFjJPrGvhF51qEg7TPmHnWL5q2yC0Rjr1vfSnJi8EKjdKcFtcYmNwWDSKqlAk6syhZdaR8FoHlGyLXVt1o6Vh6WopTzrFvYukV6LHIJVq9I3Q+v81Nr+zj/usJcw7KdXf7Kwe43rVMeOKyOBnejRLkxh4cRt0966edC2jXOjC7/95JWqwEETzuOWemXU+6Yc+y91MsavTbr2toj/HvdN0nemGPD7smvgX95pQN6L5QKsXyx9bBbLfXje+LFxP89L8rd9UHvMfa+xr+8vWVu6tXYPNyDvm0VF37x8ye7BbtxuJLJF/wMrdaw/Ou0muC4SymG7363bYTfPnZ7k5uqGkRWL3qzav+7W0/mpdZpPN9uPbn/20i4yg3Nw/wG37b5UDk1DJQAAAABJRU5ErkJggg==",Dalian Metro,2003,2023,100,6,237.7,252
Dongguan,https://upload.wikimedia.org/wikipedia/commons/thumb/f/fa/Flag_of_the_People%27s_Republic_of_China.svg/188px-Flag_of_the_People%27s_Republic_of_China.svg.png,China,https://upload.wikimedia.org/wikipedia/en/thumb/e/e5/Dongguan_Rail_Transit_logo.svg/180px-Dongguan_Rail_Transit_logo.svg.png,Dongguan Rail Transit,2016,â€“,15,1,37.7,45.3
Foshan,https://upload.wikimedia.org/wikipedia/commons/thumb/f/fa/Flag_of_the_People%27s_Republic_of_China.svg/188px-Flag_of_the_People%27s_Republic_of_China.svg.png,China,https://upload.wikimedia.org/wikipedia/en/thumb/8/89/FMetro.svg/150px-FMetro.svg.png,Foshan Metro,2010,2024,74,3,134.9,67.9
Fuzhou,https://upload.wikimedia.org/wikipedia/commons/thumb/f/fa/Flag_of_the_People%27s_Republic_of_China.svg/188px-Flag_of_the_People%27s_Republic_of_China.svg.png,China,https://upload.wikimedia.org/wikipedia/en/thumb/b/be/Fuzhou_Metro_logo.svg/120px-Fuzhou_Metro_logo.svg.png,Fuzhou Metro,2016,2023,90,5,143.5,227.8
Guangzhou,https://upload.wikimedia.org/wikipedia/commons/thumb/f/fa/Flag_of_the_People%27s_Republic_of_China.svg/188px-Flag_of_the_People%27s_Republic_of_China.svg.png,China,https://upload.wikimedia.org/wikipedia/commons/thumb/f/f2/Guangzhou_Metro_logo.svg/225px-Guangzhou_Metro_logo.svg.png,Guangzhou Metro,1997,2024,276,15,705.28,3128.9
Guiyang,https://upload.wikimedia.org/wikipedia/commons/thumb/f/fa/Flag_of_the_People%27s_Republic_of_China.svg/188px-Flag_of_the_People%27s_Republic_of_China.svg.png,China,https://upload.wikimedia.org/wikipedia/en/thumb/c/ce/GuiyangMetro.png/120px-GuiyangMetro.png,Guiyang Metro,2017,2024,82,3,149.05,133.5
Hangzhou,https://upload.wikimedia.org/wikipedia/commons/thumb/f/fa/Flag_of_the_People%27s_Republic_of_China.svg/188px-Flag_of_the_People%27s_Republic_of_China.svg.png,China,https://upload.wikimedia.org/wikipedia/en/thumb/7/70/Hangzhou_Metro_logo.svg/120px-Hangzhou_Metro_logo.svg.png,Hangzhou Metro,2012,2025,254,12,516.2,1469.76
Harbin,https://upload.wikimedia.org/wikipedia/commons/thumb/f/fa/Flag_of_the_People%27s_Republic_of_China.svg/188px-Flag_of_the_People%27s_Republic_of_China.svg.png,China,https://upload.wikimedia.org/wikipedia/en/thumb/3/37/Harbin_Metro_logo.svg/120px-Harbin_Metro_logo.svg.png,Harbin Metro,2013,2024,78,3,91.57,281.3
Hefei,https://upload.wikimedia.org/wikipedia/commons/thumb/f/fa/Flag_of_the_People%27s_Republic_of_China.svg/188px-Flag_of_the_People%27s_Republic_of_China.svg.png,China,"data:image/png;base64,iVBORw0KGgoAAAANSUhEUgAAAMwAAADACAMAAAB/Pny7AAAAkFBMVEX////XHgbXHwbVAADXGAD98/L//Pvib2n66Obwu7jhaWL99fXplZDrpaHjdXDlgoDmhHzie3n42dXusa/bQUDzzcvgXlTurKXnjozZJhPoiYLws6z77ez208/xwLz43tzeXVzYIxrdVU3aNzLZODj0yMPfYlrrnZbYLC3cVFLXIiDZLybVCgrbQDfcSUXeUUQ7bvGVAAAJx0lEQVR4nO2di5KiOhCGlW4RVBwVHVFRvAzifd7/7Q4o4ZagieDAnspftVWn1iXky6XpdDo5jYaUlJSUlJSUlJSUlJSUlJSUlJSUlJSUlJSUlFSZUt9W1TVPqquNXHNq9N6VZ5i669jVM9muYQ07x90MoYBwc123v6zpxK4MRHWM4Xo8u9cGsVlA/uNBKZvbemgsq+ghp/c93iAUo8gy+X30s7Umf4yy2p4upYIkgOA09lp/RtIyzvARkpgHBtqfoNjGDFD5FMlDis/Tdj4+e2z98yh3nKbfO073kygtd+uj/AFL89E73gcHm2Nd4G9ICM5W/5Ap6JrbPxlhScFp7nyCxbbO8DELliuEvV4+i9P5nDF+KjjMyzZr7k8F3fIQ4rZcmsUFKkIJaOBaplXzKuuWh+Aw+t+w+DS7krxP1btUzeLTjN0yWLre5jmL8nANiwlfORZwK6Fvusbp2ZcycDpgMz62h19va9hf365+Odh8xgPHZVEW1Tzns/h9ArAdGvpkZHffD2h0bWfpmlYnWFg8o+kUtWmTXa43Fji2O0sflbRwV52JscdnDhP0i3nR9jb3+6L4nTIdleoHqpprKZA72BB6hYrv57H4c+XqfiA81HXmkIfjv3NVoGgzZxD7xaL+oZWTqvUhZ2j7r31/JGj5LMNPhhyWtzxLAL9vF/rLbiF/hGXcct8iiatl39Xy/zMbou1aOS46gvEmi8FuH2y2UwumruYYg6tS4IN53nuulp6Aix0bB3/es8/aD7u4mZUwxoEBOodBzfcVFLA3UkZ+cmQOC8TBWzBzZtsgGnETqiNjC0GIo1iQI3jeB9oM9USzO202zc87bs3yxmRJDlrHu0FpYYHAnZj1zdiwaB0mDQzFzajK7hjw4n9irnM/CW/jYD/2wLQtiwZ34h+byZjJYkVjzB6eSkV58CCMp1EdRmcWDXyJfhbUHuPbr0A7mqPu8TNxJwU2g2gcuSx7imfRWTO60Y2iwC6yyYtdFlYpoHRlY/dYNVjuFPQEZ43JKAUhWu3p51STYcHlWXp6IqwJjd1ntCnuxCICTEsSt8jqkPwZ8XLa7ec9zzMSmr7QIpThDX7Pp/TeW9w3/ghhdI1YXHDCMGVwJINsmTQziIejVzCGqk76t1NyfsST3KBrkpy6HOp6dMfgzAx/1RKfM4TdsJRQg7rYnxKdAF5oNv0xQjUrNkUaT/ulS4BO2BwJQ6cg7ossMVJqGbGzrOCMmKwpI54CpsBKakKbRDyRjnGb0Y9w7pUZa1y2ozGlwDYcaK0Oa5zx2zOVMcpgHXZMKzbacDXLXaFpgzhEF62RFye6ZZF/0nRpW4YzUvY0GmR4WJW9bvZNMak5QtjpLYaTCPzz1J7RbfETzjn1Qj78eDGfF/OOWpGhVKAf/t2cMc74QxsOw4B0wt/iEVgwVpKjLkaNRbpmRJkABa/cBS7oUXYJ3T81mqI4+wCKr2U00KLWou0ZAnd5cxrmFLaSGXdMebsMaQ3JK3CXWx8FuC0AHciIym2TEQjtnIcL55lFMSE8hdN8yYDhtgDUV0aBcOXdOpAXAf0RVoOYsW5yS3eXGmNpokYdgfP8CnEbH0ZDhN95N7T5CnSyDWsvzf5Y1FveWjqdVTIidYdj+DfUklNJrnifSmPAhFOmRz5qWcfV1odBkAbF1jHBwmHrZVPMbFJ3HIfdT00aBeYNPtFDNDIenZxR5vY3wfaK8NLzznPrpQvzl2QhzCEcEFMahjfitMqFUY9klG1T1sQbv7/rGYQxjmlvdRJaGZyFg2lEw/QbfDJpmPAbpd0ITCqo0C+26en3zmGarMCIeCDEAlADX4EhJ0yPfvQ3C+PFHqb6XTy0gZdkDNkhu0JkZtjZjueHGdAw32GTjQlMYkGxLyPfIXIx7m22D2tAqtx6H4YKIijkCxnDxMZsXk6SAJ7ieRNFIMjMaGXXzvwGgNEzFEz0ZpcdXhcXHCObkoBR/wKG9IzNWKK/J7xEXnhVMGZexgN3zC9+yZa4rhXBsIJ0zTDV4Zkbw956IRatTBiG85AH454ZHeOjNL+/rBz1rOEvc/fA/xDaVcIwY8EKNK2JY+dsZPp/7JHeZnUOnt0qYewhY5TBzX0Zs7GnM9aTJj8Mr6NpccM49HaQAmuuJeiKzmNRSDC7GpglNWUUuHKuAU0qBOR7fHaFMJNmtkLY5N6ot6gdnk/AMBzNPBgqRI8d7j26UTa45ztctYLBjUAGxRCyr6kZzI9Aup6R8R4+AkOFzQVgbgLbQJOfmsOIJIdr45rD7PlZonVrbWE6T8rNqpvJmawdDG/Q5K79H/SM8TYMgiUC06k3zGX6pFxK7XrDbIT2ngf1hjkJ5ehkTkzUDkZoB2qxqTeMUFqAW2+Yg9Be+uRUbxgRloZTb5izEIx9rjWMYHb7ocYwSu4W9D8JI5i0UQCGN25WAGYhBnOtNYzgoer0PlXdYAQP7KVjp/WCafJntLDeVC8YhT/X6KFFjWEEEqce0usMI5qCtqwvjCJ8vE2rrzUTdgAarTrDCMVmAtV5mH0LstR4mCXPpHBJbdcYpomoaza3nEymSs1gFIT9kCHmnQb9XSbrpmYwwUgTyNBsZl9TI5ii581qBBOmmPCfdqQeqA8MAnY8M7icipcGsG2a1jV+oDYwCAMtyCJvMVMvGEIYPh7Qo+yGusDEGUmNZf4VIimWKMvaIevNimGiDI1ksGT14tKdxwNfcexzciWlCiQ1lA/jhIf2cZxYL3e/XicHpk9b9x51VcDiz50pH4ZkNWEnmcc0pQ9GZRWfkQ202j0eEMlqKh+GJLqnr0/Qd69h2skIe5i0irNVlTCN1SMTKL0vq7PSAzMwqRSbR88osHcqhXHW93+L62TdvNe3B+ItuSsV5p1ALz41WwVMWHE8J6J/PuArFr8/E+df7MdGLUaXflUFE9oz3EenRtQez7WOmLhKznhsbeKAzKOqYBrefdYgrsk5Ti6WgCYsQvUexi9h3iuDUR+DSgGwfGtrL668RwMQOiu7oU3DVQ1e4oFXGUxDC68fICsZbq8Zk6saTPoQZR5sEINpTH4eNM9y45mK/72/GkhGqSqEaSzHRU8DYfojWiVMY9TGAlfQBPe+pXfcKoVptIzti7sWn6E0+5kIVXUGIPzFu97vjhQNAPhW4NvM7uqwYJS3YagruyKY8Cd6v6/rmJ03Lp/ZzFcaldWh7clrYphsjXhhpjDLiDiSo10uzP1osz715v125/uV9oE6/Z45YR1u9nsGyXsJTLZ9uWG6VFRSIxebaEQ55zDE7tPLO3iutkgNCKpGqbr/7YaUlJSUlJSUlJSUlJSUlJSUlJSUlJSUlFQh/Qcj3/nHScGj+gAAAABJRU5ErkJggg==",Hefei Metro,2016,2024,184,6,238.92,411
Hohhot,https://upload.wikimedia.org/wikipedia/commons/thumb/f/fa/Flag_of_the_People%27s_Republic_of_China.svg/188px-Flag_of_the_People%27s_Republic_of_China.svg.png,China,https://upload.wikimedia.org/wikipedia/en/3/32/Hohhot_Metro_logo.png,Hohhot Metro,2019,2020,43,2,49,67.7
Hong Kong,https://upload.wikimedia.org/wikipedia/commons/thumb/f/fa/Flag_of_the_People%27s_Republic_of_China.svg/188px-Flag_of_the_People%27s_Republic_of_China.svg.png,China,https://upload.wikimedia.org/wikipedia/en/thumb/b/b9/HK_MTR_logo.svg/188px-HK_MTR_logo.svg.png,Mass Transit Railway,1979,2022,99,10,174.7,1770
Jinan,https://upload.wikimedia.org/wikipedia/commons/thumb/f/fa/Flag_of_the_People%27s_Republic_of_China.svg/188px-Flag_of_the_People%27s_Republic_of_China.svg.png,China,https://upload.wikimedia.org/wikipedia/en/thumb/b/b0/JinanMetro.svg/120px-JinanMetro.svg.png,Jinan Metro,2019,2024,46,3,96.3,96.2
Jinhua,https://upload.wikimedia.org/wikipedia/commons/thumb/f/fa/Flag_of_the_People%27s_Republic_of_China.svg/188px-Flag_of_the_People%27s_Republic_of_China.svg.png,China,https://images-wixmp-ed30a86b8c4ca887773594c2.wixmp.com/f/6a5b547d-3db2-4b54-b4b7-1a67bfcf75b9/df4owcz-8be59214-5060-40d0-86d6-a5d5e502fe59.png?token=eyJ0eXAiOiJKV1QiLCJhbGciOiJIUzI1NiJ9.eyJzdWIiOiJ1cm46YXBwOjdlMGQxODg5ODIyNjQzNzNhNWYwZDQxNWVhMGQyNmUwIiwiaXNzIjoidXJuOmFwcDo3ZTBkMTg4OTgyMjY0MzczYTVmMGQ0MTVlYTBkMjZlMCIsIm9iaiI6W1t7InBhdGgiOiJcL2ZcLzZhNWI1NDdkLTNkYjItNGI1NC1iNGI3LTFhNjdiZmNmNzViOVwvZGY0b3djei04YmU1OTIxNC01MDYwLTQwZDAtODZkNi1hNWQ1ZTUwMmZlNTkucG5nIn1dXSwiYXVkIjpbInVybjpzZXJ2aWNlOmZpbGUuZG93bmxvYWQiXX0.NL5CuzI6eakVEkWNmcXjLscax3k3lWY_SlqhYeFr0R4,Jinhua Rail Transit,2022,2023,32,2,118.5,37
Kunming,https://upload.wikimedia.org/wikipedia/commons/thumb/f/fa/Flag_of_the_People%27s_Republic_of_China.svg/188px-Flag_of_the_People%27s_Republic_of_China.svg.png,China,https://upload.wikimedia.org/wikipedia/en/thumb/1/1d/Kunming_Rail_Transit_logo.svg/120px-Kunming_Rail_Transit_logo.svg.png,Kunming Metro,2012,2022,103,6,165.85,292
Lanzhou,https://upload.wikimedia.org/wikipedia/commons/thumb/f/fa/Flag_of_the_People%27s_Republic_of_China.svg/188px-Flag_of_the_People%27s_Republic_of_China.svg.png,China,https://upload.wikimedia.org/wikipedia/en/a/a0/LanzhouRailTransit.png,Lanzhou Metro,2019,2023,27,2,35,105.6
Luoyang,https://upload.wikimedia.org/wikipedia/commons/thumb/f/fa/Flag_of_the_People%27s_Republic_of_China.svg/188px-Flag_of_the_People%27s_Republic_of_China.svg.png,China,https://upload.wikimedia.org/wikipedia/en/6/6f/Luoyang_Subway_logo.png,Luoyang Subway,2021,2021,33,2,43.6,57.2
Macau,https://upload.wikimedia.org/wikipedia/commons/thumb/f/fa/Flag_of_the_People%27s_Republic_of_China.svg/188px-Flag_of_the_People%27s_Republic_of_China.svg.png,China,https://upload.wikimedia.org/wikipedia/commons/thumb/f/f7/Metro_Ligeiro_de_Macau_logo.svg/300px-Metro_Ligeiro_de_Macau_logo.svg.png,Macau Light Rapid Transit,2019,2024,15,3,16.3,2.47
Nanchang,https://upload.wikimedia.org/wikipedia/commons/thumb/f/fa/Flag_of_the_People%27s_Republic_of_China.svg/188px-Flag_of_the_People%27s_Republic_of_China.svg.png,China,https://upload.wikimedia.org/wikipedia/commons/thumb/7/79/Nanchang_Metro_Logo_Horizontal.png/150px-Nanchang_Metro_Logo_Horizontal.png,Nanchang Metro,2015,2021,94,4,128.3,380.5
Nanjing,https://upload.wikimedia.org/wikipedia/commons/thumb/f/fa/Flag_of_the_People%27s_Republic_of_China.svg/188px-Flag_of_the_People%27s_Republic_of_China.svg.png,China,https://upload.wikimedia.org/wikipedia/commons/thumb/0/01/Nanjing_Metro_Logo.svg/120px-Nanjing_Metro_Logo.svg.png,Nanjing Metro,2005,2024,212,14,521,1010
Nanning,https://upload.wikimedia.org/wikipedia/commons/thumb/f/fa/Flag_of_the_People%27s_Republic_of_China.svg/188px-Flag_of_the_People%27s_Republic_of_China.svg.png,China,https://upload.wikimedia.org/wikipedia/commons/thumb/0/01/Nanjing_Metro_Logo.svg/120px-Nanjing_Metro_Logo.svg.png,Nanning Metro,2016,2021,93,5,128.2,350
Nantong,https://upload.wikimedia.org/wikipedia/commons/thumb/f/fa/Flag_of_the_People%27s_Republic_of_China.svg/188px-Flag_of_the_People%27s_Republic_of_China.svg.png,China,https://upload.wikimedia.org/wikipedia/commons/thumb/0/01/Nanjing_Metro_Logo.svg/120px-Nanjing_Metro_Logo.svg.png,Nantong Rail Transit,2022,2023,43,2,60,21.1
Ningbo,https://upload.wikimedia.org/wikipedia/commons/thumb/f/fa/Flag_of_the_People%27s_Republic_of_China.svg/188px-Flag_of_the_People%27s_Republic_of_China.svg.png,China,https://upload.wikimedia.org/wikipedia/en/thumb/b/bf/Ningbo_Metro_Logo.png/225px-Ningbo_Metro_Logo.png,Ningbo Rail Transit,2014,2025,122,5,194.56,367.4
Qingdao,https://upload.wikimedia.org/wikipedia/commons/thumb/f/fa/Flag_of_the_People%27s_Republic_of_China.svg/188px-Flag_of_the_People%27s_Republic_of_China.svg.png,China,https://upload.wikimedia.org/wikipedia/en/thumb/0/0b/Qingdao_Metro.svg/120px-Qingdao_Metro.svg.png,Qingdao Metro,2015,2024,172,8,352.68,470
Shanghai,https://upload.wikimedia.org/wikipedia/commons/thumb/f/fa/Flag_of_the_People%27s_Republic_of_China.svg/188px-Flag_of_the_People%27s_Republic_of_China.svg.png,China,https://upload.wikimedia.org/wikipedia/en/thumb/e/e7/Shanghai_Metro_Full_Logo.svg/225px-Shanghai_Metro_Full_Logo.svg.png,Shanghai Metro,1993,2024,413,20,896,3647.6
Shaoxing,https://upload.wikimedia.org/wikipedia/commons/thumb/f/fa/Flag_of_the_People%27s_Republic_of_China.svg/188px-Flag_of_the_People%27s_Republic_of_China.svg.png,China,https://upload.wikimedia.org/wikipedia/en/thumb/e/e7/Shanghai_Metro_Full_Logo.svg/225px-Shanghai_Metro_Full_Logo.svg.png,Shaoxing Metro,2021,2024,38,2,61.9,38.4
Shenyang,https://upload.wikimedia.org/wikipedia/commons/thumb/f/fa/Flag_of_the_People%27s_Republic_of_China.svg/188px-Flag_of_the_People%27s_Republic_of_China.svg.png,China,https://upload.wikimedia.org/wikipedia/en/thumb/e/e7/Shanghai_Metro_Full_Logo.svg/225px-Shanghai_Metro_Full_Logo.svg.png,Shenyang Metro,2010,2024,124,6,186.7,500.9
Shenzhen,https://upload.wikimedia.org/wikipedia/commons/thumb/f/fa/Flag_of_the_People%27s_Republic_of_China.svg/188px-Flag_of_the_People%27s_Republic_of_China.svg.png,China,https://upload.wikimedia.org/wikipedia/en/thumb/7/73/Shenzhen_Metro_Corporation_logo_full.svg/225px-Shenzhen_Metro_Corporation_logo_full.svg.png,Shenzhen Metro,2004,2024,319,16,583.35,2705.3
Shijiazhuang,https://upload.wikimedia.org/wikipedia/commons/thumb/f/fa/Flag_of_the_People%27s_Republic_of_China.svg/188px-Flag_of_the_People%27s_Republic_of_China.svg.png,China,https://upload.wikimedia.org/wikipedia/commons/thumb/0/02/Shijiazhuang_Metro.svg/120px-Shijiazhuang_Metro.svg.png,Shijiazhuang Metro,2017,2021,60,3,76.5,173.2
Suzhou,https://upload.wikimedia.org/wikipedia/commons/thumb/f/fa/Flag_of_the_People%27s_Republic_of_China.svg/188px-Flag_of_the_People%27s_Republic_of_China.svg.png,China,https://upload.wikimedia.org/wikipedia/en/thumb/4/41/Suzhou_Rail_Transit_logo.svg/120px-Suzhou_Rail_Transit_logo.svg.png,Suzhou Rail Transit,2012,2024,204,7,346.76,523.8
Taiyuan,https://upload.wikimedia.org/wikipedia/commons/thumb/f/fa/Flag_of_the_People%27s_Republic_of_China.svg/188px-Flag_of_the_People%27s_Republic_of_China.svg.png,China,https://upload.wikimedia.org/wikipedia/en/thumb/4/4e/Taiyuan_Metro_logo.svg/120px-Taiyuan_Metro_logo.svg.png,Taiyuan Metro,2020,â€“,23,1,23.7,43.8
Taizhou,https://upload.wikimedia.org/wikipedia/commons/thumb/f/fa/Flag_of_the_People%27s_Republic_of_China.svg/188px-Flag_of_the_People%27s_Republic_of_China.svg.png,China,https://upload.wikimedia.org/wikipedia/commons/thumb/a/a9/Taizhou_Rail_Transit_Logo.svg/120px-Taizhou_Rail_Transit_Logo.svg.png,Taizhou Rail Transit,2022,â€“,15,1,52.4,10.1
Tianjin,https://upload.wikimedia.org/wikipedia/commons/thumb/f/fa/Flag_of_the_People%27s_Republic_of_China.svg/188px-Flag_of_the_People%27s_Republic_of_China.svg.png,China,https://upload.wikimedia.org/wikipedia/commons/thumb/f/f2/TianjinMetro.svg/120px-TianjinMetro.svg.png,Tianjin Metro,1984,2024,204,11,325.54,571.3
Urumqi,https://upload.wikimedia.org/wikipedia/commons/thumb/f/fa/Flag_of_the_People%27s_Republic_of_China.svg/188px-Flag_of_the_People%27s_Republic_of_China.svg.png,China,https://upload.wikimedia.org/wikipedia/en/2/25/Logo_of_Urumqi_Metro.png,Urumqi Metro,2018,2019,21,1,27.6,39.3
Wenzhou,https://upload.wikimedia.org/wikipedia/commons/thumb/f/fa/Flag_of_the_People%27s_Republic_of_China.svg/188px-Flag_of_the_People%27s_Republic_of_China.svg.png,China,https://upload.wikimedia.org/wikipedia/en/thumb/1/13/WenzhouRailway.svg/120px-WenzhouRailway.svg.png,Wenzhou Rail Transit,2019,2023,36,2,116.5,22.1
Wuhan,https://upload.wikimedia.org/wikipedia/commons/thumb/f/fa/Flag_of_the_People%27s_Republic_of_China.svg/188px-Flag_of_the_People%27s_Republic_of_China.svg.png,China,https://upload.wikimedia.org/wikipedia/en/thumb/8/84/Wuhan_Metro_logo.png/120px-Wuhan_Metro_logo.png,Wuhan Metro,2004,2024,312,12,518.1,1455.61
Wuhu,https://upload.wikimedia.org/wikipedia/commons/thumb/f/fa/Flag_of_the_People%27s_Republic_of_China.svg/188px-Flag_of_the_People%27s_Republic_of_China.svg.png,China,https://upload.wikimedia.org/wikipedia/en/thumb/8/84/Wuhan_Metro_logo.png/120px-Wuhan_Metro_logo.png,Wuhu Rail Transit,2021,2021,36,2,46.2,33.1
Wuxi,https://upload.wikimedia.org/wikipedia/commons/thumb/f/fa/Flag_of_the_People%27s_Republic_of_China.svg/188px-Flag_of_the_People%27s_Republic_of_China.svg.png,China,https://upload.wikimedia.org/wikipedia/en/thumb/0/0f/Wuxi_Metro_logo.svg/120px-Wuxi_Metro_logo.svg.png,Wuxi Metro,2014,2024,89,5,145.2,184.6
Xiamen,https://upload.wikimedia.org/wikipedia/commons/thumb/f/fa/Flag_of_the_People%27s_Republic_of_China.svg/188px-Flag_of_the_People%27s_Republic_of_China.svg.png,China,https://upload.wikimedia.org/wikipedia/commons/thumb/8/8a/Amoy_Metro_logo.svg/120px-Amoy_Metro_logo.svg.png,Xiamen Metro,2017,2023,70,3,98.4,246.4
Xian,https://upload.wikimedia.org/wikipedia/commons/thumb/f/fa/Flag_of_the_People%27s_Republic_of_China.svg/188px-Flag_of_the_People%27s_Republic_of_China.svg.png,China,https://upload.wikimedia.org/wikipedia/en/thumb/f/f7/Xian_Metro_logo.svg/120px-Xian_Metro_logo.svg.png,Xian Metro,2011,2024,232,12,402.3,1399.02
Xuzhou,https://upload.wikimedia.org/wikipedia/commons/thumb/f/fa/Flag_of_the_People%27s_Republic_of_China.svg/188px-Flag_of_the_People%27s_Republic_of_China.svg.png,China,https://upload.wikimedia.org/wikipedia/commons/thumb/7/74/XuzhouMetro.svg/120px-XuzhouMetro.svg.png,Xuzhou Metro,2019,2024,54,3,72.48,94
Zhengzhou,https://upload.wikimedia.org/wikipedia/commons/thumb/f/fa/Flag_of_the_People%27s_Republic_of_China.svg/188px-Flag_of_the_People%27s_Republic_of_China.svg.png,China,https://upload.wikimedia.org/wikipedia/en/thumb/d/d8/Zhengzhou_Metro_logo.svg/120px-Zhengzhou_Metro_logo.svg.png,Zhengzhou Metro,2013,2024,233,13,449.81,583.2
Medellin,https://upload.wikimedia.org/wikipedia/commons/thumb/2/21/Flag_of_Colombia.svg/188px-Flag_of_Colombia.svg.png,Colombia,https://upload.wikimedia.org/wikipedia/commons/thumb/5/5c/Logo_Metro_de_Medell%C3%ADn.svg/113px-Logo_Metro_de_Medell%C3%ADn.svg.png,Medelli­n Metro,1995,2012,27,2,31.3,224.1
Prague,https://upload.wikimedia.org/wikipedia/commons/thumb/c/cb/Flag_of_the_Czech_Republic.svg/188px-Flag_of_the_Czech_Republic.svg.png,Czech Republic,https://upload.wikimedia.org/wikipedia/commons/thumb/6/68/Prague_metro_logo_without_padding.svg/225px-Prague_metro_logo_without_padding.svg.png,Prague Metro,1974,2015,58,3,65.4,361
Copenhagen,https://upload.wikimedia.org/wikipedia/commons/thumb/9/9c/Flag_of_Denmark.svg/180px-Flag_of_Denmark.svg.png,Denmark,https://upload.wikimedia.org/wikipedia/commons/thumb/a/a2/Copenhagen_Metro_Logo.svg/300px-Copenhagen_Metro_Logo.svg.png,Copenhagen Metro,2002,2024,44,4,43.3,120
Santo Domingo,https://upload.wikimedia.org/wikipedia/commons/thumb/9/9f/Flag_of_the_Dominican_Republic.svg/188px-Flag_of_the_Dominican_Republic.svg.png,Dominican Republic,https://upload.wikimedia.org/wikipedia/commons/thumb/b/ba/Logo_Metro_de_Santo_Domingo.png/113px-Logo_Metro_de_Santo_Domingo.png,Santo Domingo Metro,2009,2018,33,2,31,49.6
Quito,https://upload.wikimedia.org/wikipedia/commons/thumb/e/e8/Flag_of_Ecuador.svg/188px-Flag_of_Ecuador.svg.png,Ecuador,https://upload.wikimedia.org/wikipedia/commons/thumb/0/00/Metro_de_Quito_logo_2023.png/300px-Metro_de_Quito_logo_2023.png,Quito Metro,2023,â€“,15,1,22.6,
Cairo,https://upload.wikimedia.org/wikipedia/commons/thumb/f/fe/Flag_of_Egypt.svg/188px-Flag_of_Egypt.svg.png,Egypt,https://upload.wikimedia.org/wikipedia/commons/thumb/7/77/Cairo_metro_logo2012.svg/150px-Cairo_metro_logo2012.svg.png,Cairo Metro,1987,2024,84,3,106.8,795.8
Helsinki,https://upload.wikimedia.org/wikipedia/commons/thumb/b/bc/Flag_of_Finland.svg/188px-Flag_of_Finland.svg.png,Finland,https://upload.wikimedia.org/wikipedia/commons/thumb/1/12/Helsinki_metro_logo_round_edges.svg/105px-Helsinki_metro_logo_round_edges.svg.png,Helsinki Metro,1982,2022,30,2,43,79
Lille,https://upload.wikimedia.org/wikipedia/en/thumb/c/c3/Flag_of_France.svg/188px-Flag_of_France.svg.png,France,https://upload.wikimedia.org/wikipedia/commons/thumb/8/82/Lille_Metro_Logo_2017.svg/113px-Lille_Metro_Logo_2017.svg.png,Lille Metro,1983,2000,60,2,45,122.87
Lyon,https://upload.wikimedia.org/wikipedia/en/thumb/c/c3/Flag_of_France.svg/188px-Flag_of_France.svg.png,France,https://upload.wikimedia.org/wikipedia/commons/thumb/f/f6/Lyon_tcl_logo-metro-full.svg/180px-Lyon_tcl_logo-metro-full.svg.png,Lyon Metro,1978,2023,42,4,34.4,208.21
Marseille,https://upload.wikimedia.org/wikipedia/en/thumb/c/c3/Flag_of_France.svg/188px-Flag_of_France.svg.png,France,https://upload.wikimedia.org/wikipedia/commons/thumb/e/e3/Panneau_M%C3%A9tro_de_Marseille.svg/150px-Panneau_M%C3%A9tro_de_Marseille.svg.png,Marseille Metro,1977,2019,29,2,22.7,71.3
Paris,https://upload.wikimedia.org/wikipedia/en/thumb/c/c3/Flag_of_France.svg/188px-Flag_of_France.svg.png,France,https://upload.wikimedia.org/wikipedia/commons/thumb/5/5e/Metro-M.svg/113px-Metro-M.svg.png,Paris Metro,1900,2025,321,16,245.6,1411.46
Rennes,https://upload.wikimedia.org/wikipedia/en/thumb/c/c3/Flag_of_France.svg/188px-Flag_of_France.svg.png,France,https://upload.wikimedia.org/wikipedia/commons/thumb/d/df/Logo_Metro_Rennes.svg/150px-Logo_Metro_Rennes.svg.png,Rennes Metro,2002,2022,28,2,22.4,59.4
Toulouse,https://upload.wikimedia.org/wikipedia/en/thumb/c/c3/Flag_of_France.svg/188px-Flag_of_France.svg.png,France,,Toulouse Metro,1993,2007,37,2,28.2,112.9
Tbilisi,https://upload.wikimedia.org/wikipedia/commons/thumb/0/0f/Flag_of_Georgia.svg/188px-Flag_of_Georgia.svg.png,Georgia,https://upload.wikimedia.org/wikipedia/commons/thumb/2/21/Toulouse_%22M%22_symbol.svg/113px-Toulouse_%22M%22_symbol.svg.png,Tbilisi Metro,1966,2017,23,2,27.3,152.9
Berlin,https://upload.wikimedia.org/wikipedia/en/thumb/b/ba/Flag_of_Germany.svg/188px-Flag_of_Germany.svg.png,Germany,https://upload.wikimedia.org/wikipedia/commons/thumb/a/a3/U-Bahn.svg/113px-U-Bahn.svg.png,Berlin U-Bahn,1902,2021,175,9,155.6,492.1
Hamburg,https://upload.wikimedia.org/wikipedia/en/thumb/b/ba/Flag_of_Germany.svg/188px-Flag_of_Germany.svg.png,Germany,https://upload.wikimedia.org/wikipedia/commons/thumb/a/a3/U-Bahn.svg/105px-U-Bahn.svg.png,Hamburg U-Bahn,1912,2019,93,4,106,195.8
Munich,https://upload.wikimedia.org/wikipedia/en/thumb/b/ba/Flag_of_Germany.svg/188px-Flag_of_Germany.svg.png,Germany,https://upload.wikimedia.org/wikipedia/commons/thumb/a/a3/U-Bahn.svg/105px-U-Bahn.svg.png,Munich U-Bahn,1971,2010,96,8,95,254
Nuremberg,https://upload.wikimedia.org/wikipedia/en/thumb/b/ba/Flag_of_Germany.svg/188px-Flag_of_Germany.svg.png,Germany,https://upload.wikimedia.org/wikipedia/commons/thumb/a/a3/U-Bahn.svg/105px-U-Bahn.svg.png,Nuremberg U-Bahn,1972,2020,49,3,38.4,109.8
Athens,https://upload.wikimedia.org/wikipedia/commons/thumb/5/5c/Flag_of_Greece.svg/188px-Flag_of_Greece.svg.png,Greece,https://upload.wikimedia.org/wikipedia/commons/thumb/7/78/Logo_of_the_Athens_Metro_Operating_Company_%28AMEL%29.svg/113px-Logo_of_the_Athens_Metro_Operating_Company_%28AMEL%29.svg.png,Athens Metro,1904,2022,66,3,91.7,259.2
Thessaloniki,https://upload.wikimedia.org/wikipedia/commons/thumb/5/5c/Flag_of_Greece.svg/188px-Flag_of_Greece.svg.png,Greece,https://upload.wikimedia.org/wikipedia/commons/thumb/2/20/Thessaloniki_Metro_logo.svg/113px-Thessaloniki_Metro_logo.svg.png,Thessaloniki Metro,2024,â€“,13,1,9.6,
Budapest,https://upload.wikimedia.org/wikipedia/commons/thumb/c/c1/Flag_of_Hungary.svg/188px-Flag_of_Hungary.svg.png,Hungary,https://upload.wikimedia.org/wikipedia/commons/thumb/f/fb/BKV_metro.svg/150px-BKV_metro.svg.png,Budapest Metro,1896,2014,48,4,39.2,382.6
Agra,https://upload.wikimedia.org/wikipedia/en/thumb/4/41/Flag_of_India.svg/188px-Flag_of_India.svg.png,India,https://upload.wikimedia.org/wikipedia/commons/thumb/6/6c/UPMRC.svg/150px-UPMRC.svg.png,Agra Metro,2024,â€“,6,1,5.2,
Ahmedabad,https://upload.wikimedia.org/wikipedia/en/thumb/4/41/Flag_of_India.svg/188px-Flag_of_India.svg.png,India,https://upload.wikimedia.org/wikipedia/commons/thumb/6/6c/UPMRC.svg/150px-UPMRC.svg.png,Ahmedabad Metro,2019,2024,38,2,58.66,29.35
Bangalore,https://upload.wikimedia.org/wikipedia/en/thumb/4/41/Flag_of_India.svg/188px-Flag_of_India.svg.png,India,https://upload.wikimedia.org/wikipedia/commons/thumb/6/61/Namma_metro.svg/330px-Namma_metro.svg.png,Namma Metro,2011,2024,69,2,76.95,232.8
Chennai,https://upload.wikimedia.org/wikipedia/en/thumb/4/41/Flag_of_India.svg/188px-Flag_of_India.svg.png,India,https://upload.wikimedia.org/wikipedia/commons/thumb/8/8d/Chennai_Metro_logo.svg/75px-Chennai_Metro_logo.svg.png,Chennai Metro,2015,2022,42,2,54.1,91.1
,https://upload.wikimedia.org/wikipedia/en/thumb/4/41/Flag_of_India.svg/188px-Flag_of_India.svg.png,India,https://upload.wikimedia.org/wikipedia/commons/thumb/8/8d/Chennai_Metro_logo.svg/75px-Chennai_Metro_logo.svg.png,Chennai MRTS,1995,2007,18,1,19.34,36.5
Delhi,https://upload.wikimedia.org/wikipedia/en/thumb/4/41/Flag_of_India.svg/188px-Flag_of_India.svg.png,India,https://upload.wikimedia.org/wikipedia/commons/thumb/6/65/Delhi_Metro_logo.svg/75px-Delhi_Metro_logo.svg.png,Delhi Metro,2002,2023,231,10,353,2032
Gurgaon,https://upload.wikimedia.org/wikipedia/en/thumb/4/41/Flag_of_India.svg/188px-Flag_of_India.svg.png,India,https://upload.wikimedia.org/wikipedia/en/thumb/8/8c/Rmrg_logo.png/225px-Rmrg_logo.png,Rapid Metro Gurgaon,2013,2017,11,1,12.854,14.6
Hyderabad,https://upload.wikimedia.org/wikipedia/en/thumb/4/41/Flag_of_India.svg/188px-Flag_of_India.svg.png,India,https://upload.wikimedia.org/wikipedia/commons/thumb/0/03/Hyderabad_Metro_Rail_Logo.png/150px-Hyderabad_Metro_Rail_Logo.png,Hyderabad Metro,2017,2020,57,3,71.16,162.06
Jaipur,https://upload.wikimedia.org/wikipedia/en/thumb/4/41/Flag_of_India.svg/188px-Flag_of_India.svg.png,India,https://upload.wikimedia.org/wikipedia/commons/thumb/2/2a/Jaipur_metro_logo.png/150px-Jaipur_metro_logo.png,Jaipur Metro,2015,2020,11,1,11.979,18.12
Kanpur,https://upload.wikimedia.org/wikipedia/en/thumb/4/41/Flag_of_India.svg/188px-Flag_of_India.svg.png,India,https://upload.wikimedia.org/wikipedia/commons/thumb/6/6c/UPMRC.svg/150px-UPMRC.svg.png,Kanpur Metro,2021,â€“,9,1,8.98,
Kochi,https://upload.wikimedia.org/wikipedia/en/thumb/4/41/Flag_of_India.svg/188px-Flag_of_India.svg.png,India,https://upload.wikimedia.org/wikipedia/en/thumb/1/18/Koch_Metro_Logo.png/180px-Koch_Metro_Logo.png,Kochi Metro,2017,2024,25,1,28.125,31.17
Kolkata,https://upload.wikimedia.org/wikipedia/en/thumb/4/41/Flag_of_India.svg/188px-Flag_of_India.svg.png,India,https://upload.wikimedia.org/wikipedia/commons/thumb/c/cd/Kolkata_Metro_System_Logo.svg/270px-Kolkata_Metro_System_Logo.svg.png,Kolkata Metro,1984,2024,48,4,59.38,192.5
Lucknow,https://upload.wikimedia.org/wikipedia/en/thumb/4/41/Flag_of_India.svg/188px-Flag_of_India.svg.png,India,https://upload.wikimedia.org/wikipedia/commons/thumb/6/6c/UPMRC.svg/150px-UPMRC.svg.png,Lucknow Metro,2017,2019,21,1,22.878,26.82
Mumbai,https://upload.wikimedia.org/wikipedia/en/thumb/4/41/Flag_of_India.svg/188px-Flag_of_India.svg.png,India,https://upload.wikimedia.org/wikipedia/commons/thumb/3/36/Mmmocl-logo.svg/233px-Mmmocl-logo.svg.png,Mumbai Metro,2014,2024,53,4,59.09,195.4
Nagpur,https://upload.wikimedia.org/wikipedia/en/thumb/4/41/Flag_of_India.svg/188px-Flag_of_India.svg.png,India,https://upload.wikimedia.org/wikipedia/commons/thumb/0/09/Nagpur_Metro_Logo.png/150px-Nagpur_Metro_Logo.png,Nagpur Metro,2019,2022,36,2,38.215,27.38
Navi Mumbai,https://upload.wikimedia.org/wikipedia/en/thumb/4/41/Flag_of_India.svg/188px-Flag_of_India.svg.png,India,https://upload.wikimedia.org/wikipedia/commons/b/ba/NaviMumbaiMetro-Logo.png,Navi Mumbai Metro,2023,â€“,11,1,11.1,0.94
Noida,https://upload.wikimedia.org/wikipedia/en/thumb/4/41/Flag_of_India.svg/188px-Flag_of_India.svg.png,India,https://upload.wikimedia.org/wikipedia/en/thumb/8/80/Noida_Metro_Logo.png/75px-Noida_Metro_Logo.png,Noida Metro,2019,â€“,21,1,29.168,16.7 (2023)
Pune,https://upload.wikimedia.org/wikipedia/en/thumb/4/41/Flag_of_India.svg/188px-Flag_of_India.svg.png,India,https://upload.wikimedia.org/wikipedia/commons/thumb/7/75/Pune_metro_logo.png/150px-Pune_metro_logo.png,Pune Metro,2022,2024,28,2,32.97,45.72
Jakarta,https://upload.wikimedia.org/wikipedia/commons/thumb/9/9f/Flag_of_Indonesia.svg/188px-Flag_of_Indonesia.svg.png,Indonesia,https://upload.wikimedia.org/wikipedia/commons/thumb/a/ac/MRT_Jakarta_logo.svg/300px-MRT_Jakarta_logo.svg.png,Jakarta MRT,2019,â€“,13,1,15.7,33
Jakarta,https://upload.wikimedia.org/wikipedia/commons/thumb/9/9f/Flag_of_Indonesia.svg/188px-Flag_of_Indonesia.svg.png,Indonesia,https://upload.wikimedia.org/wikipedia/commons/thumb/c/ce/Jakarta_LRT_logo.svg/330px-Jakarta_LRT_logo.svg.png,Jakarta LRT,2019,â€“,6,1,5.8,0.94
Jakarta,https://upload.wikimedia.org/wikipedia/commons/thumb/9/9f/Flag_of_Indonesia.svg/188px-Flag_of_Indonesia.svg.png,Indonesia,https://upload.wikimedia.org/wikipedia/commons/thumb/3/3b/Jabodebek_LRT.svg/270px-Jabodebek_LRT.svg.png,Jabodebek LRT,2023,â€“,18,2,44.5,7.25
Palembang,https://upload.wikimedia.org/wikipedia/commons/thumb/9/9f/Flag_of_Indonesia.svg/188px-Flag_of_Indonesia.svg.png,Indonesia,https://upload.wikimedia.org/wikipedia/commons/thumb/1/1b/LRTPalembang_Line_Code.png/60px-LRTPalembang_Line_Code.png,Palembang LRT,2018,â€“,13,1,23.4,3
Isfahan,https://upload.wikimedia.org/wikipedia/commons/thumb/b/be/Flag_of_Iran_%28official%29.svg/188px-Flag_of_Iran_%28official%29.svg.png,Iran,https://upload.wikimedia.org/wikipedia/commons/thumb/a/a0/Esfahan_Metro_Logo.png/120px-Esfahan_Metro_Logo.png,Isfahan Urban Railway,2015,2018,20,1,20.2,
Mashhad,https://upload.wikimedia.org/wikipedia/commons/thumb/b/be/Flag_of_Iran_%28official%29.svg/188px-Flag_of_Iran_%28official%29.svg.png,Iran,https://upload.wikimedia.org/wikipedia/commons/thumb/9/9e/Mashhad_Metro_logo.png/113px-Mashhad_Metro_logo.png,Mashhad Urban Railway,2011,2019,36,2,37.5,50.7
Shiraz,https://upload.wikimedia.org/wikipedia/commons/thumb/b/be/Flag_of_Iran_%28official%29.svg/188px-Flag_of_Iran_%28official%29.svg.png,Iran,https://upload.wikimedia.org/wikipedia/commons/thumb/8/86/Shiraz_Metro_Logo.png/113px-Shiraz_Metro_Logo.png,Shiraz Metro,2014,2024,24,2,32.5,18
Karaj,https://upload.wikimedia.org/wikipedia/commons/thumb/b/be/Flag_of_Iran_%28official%29.svg/188px-Flag_of_Iran_%28official%29.svg.png,Iran,https://upload.wikimedia.org/wikipedia/commons/thumb/a/af/%D9%84%D9%88%DA%AF%D9%88_%D9%82%D8%B7%D8%A7%D8%B1_%D8%B4%D9%87%D8%B1%DB%8C_%DA%A9%D8%B1%D8%AC_%D9%88_%D8%AD%D9%88%D9%85%D9%87.svg/120px-%D9%84%D9%88%DA%AF%D9%88_%D9%82%D8%B7%D8%A7%D8%B1_%D8%B4%D9%87%D8%B1%DB%8C_%DA%A9%D8%B1%D8%AC_%D9%88_%D8%AD%D9%88%D9%85%D9%87.svg.png,Karaj Metro,2023,2023,10,1,6.5,
Tabriz,https://upload.wikimedia.org/wikipedia/commons/thumb/b/be/Flag_of_Iran_%28official%29.svg/188px-Flag_of_Iran_%28official%29.svg.png,Iran,https://upload.wikimedia.org/wikipedia/commons/thumb/e/e1/Tabriz_Metro_Logo.png/150px-Tabriz_Metro_Logo.png,Tabriz Metro,2015,2020,18,1,17.2,
Tehran,https://upload.wikimedia.org/wikipedia/commons/thumb/b/be/Flag_of_Iran_%28official%29.svg/188px-Flag_of_Iran_%28official%29.svg.png,Iran,https://upload.wikimedia.org/wikipedia/commons/thumb/7/75/Tehran_Metro_Logo.svg/120px-Tehran_Metro_Logo.svg.png,Tehran Metro,2000,2024,131,6,224.6,820
Brescia,https://upload.wikimedia.org/wikipedia/en/thumb/0/03/Flag_of_Italy.svg/188px-Flag_of_Italy.svg.png,Italy,https://upload.wikimedia.org/wikipedia/commons/thumb/8/86/MetroBS_logo.svg/150px-MetroBS_logo.svg.png,Brescia Metro,2013,â€“,17,1,13.7,17
Catania,https://upload.wikimedia.org/wikipedia/en/thumb/0/03/Flag_of_Italy.svg/188px-Flag_of_Italy.svg.png,Italy,https://upload.wikimedia.org/wikipedia/commons/thumb/1/1b/Logo_metropolitana_di_Catania.svg/113px-Logo_metropolitana_di_Catania.svg.png,Catania Metro,1999,2024,12,1,10.5,6.5
Genoa,https://upload.wikimedia.org/wikipedia/en/thumb/0/03/Flag_of_Italy.svg/188px-Flag_of_Italy.svg.png,Italy,https://upload.wikimedia.org/wikipedia/commons/thumb/9/9b/Logo_Metropolitane_Italia.svg/113px-Logo_Metropolitane_Italia.svg.png,Genoa Metro,1990,2012,8,1,7.1,15.3
Milan,https://upload.wikimedia.org/wikipedia/en/thumb/0/03/Flag_of_Italy.svg/188px-Flag_of_Italy.svg.png,Italy,https://upload.wikimedia.org/wikipedia/commons/thumb/9/9b/Logo_Metropolitane_Italia.svg/113px-Logo_Metropolitane_Italia.svg.png,Milan Metro,1964,2024,125,5,111.8,331.3
Naples,https://upload.wikimedia.org/wikipedia/en/thumb/0/03/Flag_of_Italy.svg/188px-Flag_of_Italy.svg.png,Italy,https://upload.wikimedia.org/wikipedia/commons/thumb/9/9b/Logo_Metropolitane_Italia.svg/75px-Logo_Metropolitane_Italia.svg.png,Naples Metro,1993,2024,30,3,34.5,41.1
Rome,https://upload.wikimedia.org/wikipedia/en/thumb/0/03/Flag_of_Italy.svg/188px-Flag_of_Italy.svg.png,Italy,https://upload.wikimedia.org/wikipedia/commons/thumb/9/9b/Logo_Metropolitane_Italia.svg/75px-Logo_Metropolitane_Italia.svg.png,Rome Metro,1955,2018,73,3,60,143.4
Turin,https://upload.wikimedia.org/wikipedia/en/thumb/0/03/Flag_of_Italy.svg/188px-Flag_of_Italy.svg.png,Italy,https://upload.wikimedia.org/wikipedia/commons/thumb/9/9b/Logo_Metropolitane_Italia.svg/75px-Logo_Metropolitane_Italia.svg.png,Turin Metro,2006,2021,23,1,15.1,42.5
Chiba Prefecture,https://upload.wikimedia.org/wikipedia/en/thumb/9/9e/Flag_of_Japan.svg/188px-Flag_of_Japan.svg.png,Japan,https://upload.wikimedia.org/wikipedia/commons/thumb/9/9b/Logo_Metropolitane_Italia.svg/75px-Logo_Metropolitane_Italia.svg.png,T?y? Rapid Railway Line,1996,â€“,9,1,16.2,53
Fukuoka,https://upload.wikimedia.org/wikipedia/en/thumb/9/9e/Flag_of_Japan.svg/188px-Flag_of_Japan.svg.png,Japan,https://upload.wikimedia.org/wikipedia/commons/thumb/c/cd/Fukuoka_City_Subway_Logo.svg/150px-Fukuoka_City_Subway_Logo.svg.png,Fukuoka City Subway,1981,2023,36,3,31.4,149.7
Hiroshima,https://upload.wikimedia.org/wikipedia/en/thumb/9/9e/Flag_of_Japan.svg/188px-Flag_of_Japan.svg.png,Japan,https://upload.wikimedia.org/wikipedia/commons/thumb/0/05/Astram_Logo.svg/75px-Astram_Logo.svg.png,Astram Line,1994,2015,22,1,18.4,22.3
Kawaguchi,https://upload.wikimedia.org/wikipedia/en/thumb/9/9e/Flag_of_Japan.svg/188px-Flag_of_Japan.svg.png,Japan,https://upload.wikimedia.org/wikipedia/commons/thumb/5/5b/Saitama_Railway_Logo.svg/120px-Saitama_Railway_Logo.svg.png,Saitama Rapid Railway Line,2001,â€“,8,1,14.6,39.4
Kobe,https://upload.wikimedia.org/wikipedia/en/thumb/9/9e/Flag_of_Japan.svg/188px-Flag_of_Japan.svg.png,Japan,https://upload.wikimedia.org/wikipedia/commons/thumb/4/47/Kobe_Municipal_Subway_Logo.svg/113px-Kobe_Municipal_Subway_Logo.svg.png,Kobe Municipal Subway,1977,2001,28,3,38.1,103.1
,https://upload.wikimedia.org/wikipedia/en/thumb/9/9e/Flag_of_Japan.svg/188px-Flag_of_Japan.svg.png,Japan,https://upload.wikimedia.org/wikipedia/commons/thumb/e/ee/Kobe_New_Transit_logo.svg/225px-Kobe_New_Transit_logo.svg.png,Kobe New Transit,1977,2006,18,2,15.1,
Kyoto,https://upload.wikimedia.org/wikipedia/en/thumb/9/9e/Flag_of_Japan.svg/188px-Flag_of_Japan.svg.png,Japan,https://upload.wikimedia.org/wikipedia/commons/thumb/4/48/Kyoto_MTB_Logo.svg/113px-Kyoto_MTB_Logo.svg.png,Kyoto Municipal Subway,1981,2008,31,2,31.2,128
Nagoya,https://upload.wikimedia.org/wikipedia/en/thumb/9/9e/Flag_of_Japan.svg/188px-Flag_of_Japan.svg.png,Japan,https://upload.wikimedia.org/wikipedia/commons/thumb/f/fa/Nagoya_Subway_Logo_%28black%29.svg/113px-Nagoya_Subway_Logo_%28black%29.svg.png,Nagoya Municipal Subway,1957,2011,87,6,93.3,426.2
Osaka,https://upload.wikimedia.org/wikipedia/en/thumb/9/9e/Flag_of_Japan.svg/188px-Flag_of_Japan.svg.png,Japan,https://upload.wikimedia.org/wikipedia/commons/thumb/2/22/Osaka_Metro_logo.svg/150px-Osaka_Metro_logo.svg.png,Osaka Metro,1933,2025,109,9,141,808.8
Saitama,https://upload.wikimedia.org/wikipedia/en/thumb/9/9e/Flag_of_Japan.svg/188px-Flag_of_Japan.svg.png,Japan,https://upload.wikimedia.org/wikipedia/commons/thumb/2/22/Osaka_Metro_logo.svg/150px-Osaka_Metro_logo.svg.png,New Shuttle,1983,1990,13,1,12.7,N/a
Sapporo,https://upload.wikimedia.org/wikipedia/en/thumb/9/9e/Flag_of_Japan.svg/188px-Flag_of_Japan.svg.png,Japan,https://upload.wikimedia.org/wikipedia/commons/thumb/3/3a/ST_Logo.svg/150px-ST_Logo.svg.png,Sapporo Municipal Subway,1971,1999,46,3,48,202.7
Sendai,https://upload.wikimedia.org/wikipedia/en/thumb/9/9e/Flag_of_Japan.svg/188px-Flag_of_Japan.svg.png,Japan,https://upload.wikimedia.org/wikipedia/commons/thumb/b/b7/Sendai_City_Subway_Logo.svg/150px-Sendai_City_Subway_Logo.svg.png,Sendai Subway,1987,2015,29,2,28.7,90.1
Tokyo,https://upload.wikimedia.org/wikipedia/en/thumb/9/9e/Flag_of_Japan.svg/188px-Flag_of_Japan.svg.png,Japan,https://upload.wikimedia.org/wikipedia/commons/thumb/c/c9/Symbol_of_Tokyo_Metropolis.svg/113px-Symbol_of_Tokyo_Metropolis.svg.png,Toei Subway,1960,2002,99,4,109,843.7
Tokyo,https://upload.wikimedia.org/wikipedia/en/thumb/9/9e/Flag_of_Japan.svg/188px-Flag_of_Japan.svg.png,Japan,https://upload.wikimedia.org/wikipedia/commons/thumb/c/c9/Symbol_of_Tokyo_Metropolis.svg/113px-Symbol_of_Tokyo_Metropolis.svg.png,Nippori-Toneri Liner,2008,â€“,13,1,9.7,N/a
Tokyo,https://upload.wikimedia.org/wikipedia/en/thumb/9/9e/Flag_of_Japan.svg/188px-Flag_of_Japan.svg.png,Japan,https://upload.wikimedia.org/wikipedia/commons/thumb/1/1e/Yurikamome_line_symbol.svg/75px-Yurikamome_line_symbol.svg.png,Yurikamome,1995,2006,16,1,14.7,45.6
Tokyo,https://upload.wikimedia.org/wikipedia/en/thumb/9/9e/Flag_of_Japan.svg/188px-Flag_of_Japan.svg.png,Japan,https://upload.wikimedia.org/wikipedia/commons/thumb/1/1b/Tokyo_Metro_combined_logo.svg/300px-Tokyo_Metro_combined_logo.svg.png,Tokyo Metro,1927,2020,142,9,195.1,2171.9
Tokyo,https://upload.wikimedia.org/wikipedia/en/thumb/9/9e/Flag_of_Japan.svg/188px-Flag_of_Japan.svg.png,Japan,https://upload.wikimedia.org/wikipedia/commons/thumb/1/1b/Tokyo_Metro_combined_logo.svg/300px-Tokyo_Metro_combined_logo.svg.png,Rinkai Line,1996,2002,8,1,12.2,76.5
Yokohama,https://upload.wikimedia.org/wikipedia/en/thumb/9/9e/Flag_of_Japan.svg/188px-Flag_of_Japan.svg.png,Japan,https://upload.wikimedia.org/wikipedia/commons/thumb/0/01/Yokohama_Municipal_Subway_Logo.svg/113px-Yokohama_Municipal_Subway_Logo.svg.png,Yokohama Municipal Subway,1972,2008,40,2,53.4,206.1
Yokohama,https://upload.wikimedia.org/wikipedia/en/thumb/9/9e/Flag_of_Japan.svg/188px-Flag_of_Japan.svg.png,Japan,https://upload.wikimedia.org/wikipedia/commons/thumb/0/0f/Minatomirai_Line_symbol.svg/75px-Minatomirai_Line_symbol.svg.png,Minatomirai Line,2004,2008,6,1,4.1,72.1
Yokohama,https://upload.wikimedia.org/wikipedia/en/thumb/9/9e/Flag_of_Japan.svg/188px-Flag_of_Japan.svg.png,Japan,https://upload.wikimedia.org/wikipedia/commons/thumb/e/e7/Seaside_line_logo.svg/225px-Seaside_line_logo.svg.png,Kanazawa Seaside Line,1989,â€“,14,1,10.6,N/a
Almaty,https://upload.wikimedia.org/wikipedia/commons/thumb/d/d3/Flag_of_Kazakhstan.svg/203px-Flag_of_Kazakhstan.svg.png,Kazakhstan,https://upload.wikimedia.org/wikipedia/commons/thumb/8/81/Almaty_metro_logo.svg/180px-Almaty_metro_logo.svg.png,Almaty Metro,2011,2022,11,1,13.4,26.2
Pyongyang,https://upload.wikimedia.org/wikipedia/commons/thumb/5/51/Flag_of_North_Korea.svg/188px-Flag_of_North_Korea.svg.png,North Korea,https://upload.wikimedia.org/wikipedia/commons/thumb/2/28/Logo_of_the_Pyongyang_Metro.svg/180px-Logo_of_the_Pyongyang_Metro.svg.png,Pyongyang Metro,1973,1987,17,2,22.5,36
Busan,https://upload.wikimedia.org/wikipedia/commons/thumb/0/09/Flag_of_South_Korea.svg/188px-Flag_of_South_Korea.svg.png,South Korea,https://upload.wikimedia.org/wikipedia/commons/thumb/1/12/South_Korea_subway_logo.svg/150px-South_Korea_subway_logo.svg.png,Busan Metro,1985,2017,125,5,139.1,246.3
Daegu,https://upload.wikimedia.org/wikipedia/commons/thumb/0/09/Flag_of_South_Korea.svg/188px-Flag_of_South_Korea.svg.png,South Korea,https://upload.wikimedia.org/wikipedia/commons/thumb/1/12/South_Korea_subway_logo.svg/150px-South_Korea_subway_logo.svg.png,Daegu Metro,1997,2015,88,3,82.9,168
Daejeon,https://upload.wikimedia.org/wikipedia/commons/thumb/0/09/Flag_of_South_Korea.svg/188px-Flag_of_South_Korea.svg.png,South Korea,https://upload.wikimedia.org/wikipedia/commons/thumb/1/12/South_Korea_subway_logo.svg/150px-South_Korea_subway_logo.svg.png,Daejeon Metro,2006,2007,22,1,22.6,40
Gimpo,https://upload.wikimedia.org/wikipedia/commons/thumb/0/09/Flag_of_South_Korea.svg/188px-Flag_of_South_Korea.svg.png,South Korea,https://upload.wikimedia.org/wikipedia/commons/thumb/1/12/South_Korea_subway_logo.svg/150px-South_Korea_subway_logo.svg.png,Gimpo Goldline,2019,â€“,10,1,23.67,
Gwangju,https://upload.wikimedia.org/wikipedia/commons/thumb/0/09/Flag_of_South_Korea.svg/188px-Flag_of_South_Korea.svg.png,South Korea,https://upload.wikimedia.org/wikipedia/commons/thumb/1/12/South_Korea_subway_logo.svg/150px-South_Korea_subway_logo.svg.png,Gwangju Metro,2004,2008,20,1,20.1,19
Incheon,https://upload.wikimedia.org/wikipedia/commons/thumb/0/09/Flag_of_South_Korea.svg/188px-Flag_of_South_Korea.svg.png,South Korea,https://upload.wikimedia.org/wikipedia/commons/thumb/1/12/South_Korea_subway_logo.svg/150px-South_Korea_subway_logo.svg.png,Incheon Subway,1999,2020,65,3,73.7,199
Seoul,https://upload.wikimedia.org/wikipedia/commons/thumb/0/09/Flag_of_South_Korea.svg/188px-Flag_of_South_Korea.svg.png,South Korea,https://upload.wikimedia.org/wikipedia/commons/thumb/1/12/South_Korea_subway_logo.svg/150px-South_Korea_subway_logo.svg.png,Seoul Metropolitan Subway,1974,2022,337,11,358.46,2403
Seoul,https://upload.wikimedia.org/wikipedia/commons/thumb/0/09/Flag_of_South_Korea.svg/188px-Flag_of_South_Korea.svg.png,South Korea,https://upload.wikimedia.org/wikipedia/commons/thumb/1/12/South_Korea_subway_logo.svg/150px-South_Korea_subway_logo.svg.png,Shinbundang Line ,2011,2022,16,1,33.4,122.5
Kuala Lumpur,https://upload.wikimedia.org/wikipedia/commons/thumb/6/66/Flag_of_Malaysia.svg/188px-Flag_of_Malaysia.svg.png,Malaysia,https://upload.wikimedia.org/wikipedia/commons/thumb/2/2b/Rapid_KL_Logo.svg/450px-Rapid_KL_Logo.svg.png,Rapid KL,1996,2023,138,6,204.8,301.4
Guadalajara,https://upload.wikimedia.org/wikipedia/commons/thumb/f/fc/Flag_of_Mexico.svg/188px-Flag_of_Mexico.svg.png,Mexico,https://upload.wikimedia.org/wikipedia/commons/thumb/8/8b/Logo_del_SITEUR.svg/330px-Logo_del_SITEUR.svg.png,SITEUR,1994,2020,28,2,46.5,157.7
Mexico City,https://upload.wikimedia.org/wikipedia/commons/thumb/f/fc/Flag_of_Mexico.svg/188px-Flag_of_Mexico.svg.png,Mexico,https://upload.wikimedia.org/wikipedia/commons/thumb/7/7a/Logo_STC_Metro_y_Movilidad_Integrada.png/300px-Logo_STC_Metro_y_Movilidad_Integrada.png,Mexico City Metro,1969,2012,163,12,200.9,1115.2
Monterrey,https://upload.wikimedia.org/wikipedia/commons/thumb/f/fc/Flag_of_Mexico.svg/188px-Flag_of_Mexico.svg.png,Mexico,https://upload.wikimedia.org/wikipedia/commons/thumb/3/3e/Metrorrey_logo_2007_relanzado_oficialmente.svg/150px-Metrorrey_logo_2007_relanzado_oficialmente.svg.png,Metrorrey,1991,2021,38,3,40.2,134.9
Amsterdam,https://upload.wikimedia.org/wikipedia/commons/thumb/2/20/Flag_of_the_Netherlands.svg/188px-Flag_of_the_Netherlands.svg.png,Netherlands,https://upload.wikimedia.org/wikipedia/commons/thumb/6/64/Amsterdam_metro_logo.svg/180px-Amsterdam_metro_logo.svg.png,Amsterdam Metro,1977,2018,39,5,41.2,100.1
Rotterdam,https://upload.wikimedia.org/wikipedia/commons/thumb/2/20/Flag_of_the_Netherlands.svg/188px-Flag_of_the_Netherlands.svg.png,Netherlands,https://upload.wikimedia.org/wikipedia/commons/thumb/1/1d/RET_metro_logo.svg/180px-RET_metro_logo.svg.png,Rotterdam Metro,1968,2023,71,5,102.3,96
Lagos,https://upload.wikimedia.org/wikipedia/commons/thumb/7/79/Flag_of_Nigeria.svg/195px-Flag_of_Nigeria.svg.png,Nigeria,https://upload.wikimedia.org/wikipedia/commons/thumb/f/fd/Lagos_Metro_logo.svg/120px-Lagos_Metro_logo.svg.png,Lagos Rail Mass Transit,2023,2024,13,2,13,
Oslo,https://upload.wikimedia.org/wikipedia/commons/thumb/d/d9/Flag_of_Norway.svg/188px-Flag_of_Norway.svg.png,Norway,https://upload.wikimedia.org/wikipedia/commons/thumb/f/f5/Oslo_T-bane_Logo.svg/113px-Oslo_T-bane_Logo.svg.png,Oslo Metro,1966,2016,101,5,85,74
Lahore,https://upload.wikimedia.org/wikipedia/commons/thumb/3/32/Flag_of_Pakistan.svg/188px-Flag_of_Pakistan.svg.png,Pakistan,https://upload.wikimedia.org/wikipedia/commons/thumb/c/c1/Lahoremetrologo.jpg/120px-Lahoremetrologo.jpg,Lahore Metro,2020,â€“,26,1,27.1,20
Panama City,https://upload.wikimedia.org/wikipedia/commons/thumb/a/ab/Flag_of_Panama.svg/188px-Flag_of_Panama.svg.png,Panama,https://upload.wikimedia.org/wikipedia/commons/thumb/e/e3/Metro_de_Panama_Logo.svg/113px-Metro_de_Panama_Logo.svg.png,Panama Metro,2014,2023,32,2,37.8,49.9
Lima,https://upload.wikimedia.org/wikipedia/commons/thumb/c/cf/Flag_of_Peru.svg/188px-Flag_of_Peru.svg.png,Peru,https://upload.wikimedia.org/wikipedia/commons/thumb/a/ae/Logotipo_del_Metro_de_Lima_y_Callao_%28ATU%29.svg/135px-Logotipo_del_Metro_de_Lima_y_Callao_%28ATU%29.svg.png,Lima Metro,2011,2023,31,2,39.4,171.9
Manila,https://upload.wikimedia.org/wikipedia/commons/thumb/9/99/Flag_of_the_Philippines.svg/195px-Flag_of_the_Philippines.svg.png,Philippines,https://upload.wikimedia.org/wikipedia/commons/thumb/3/39/Lrtalogo.svg/128px-Lrtalogo.svg.png,Manila Light Rail Transit System,1984,2024,38,2,43.5,218.2
Manila,https://upload.wikimedia.org/wikipedia/commons/thumb/9/99/Flag_of_the_Philippines.svg/195px-Flag_of_the_Philippines.svg.png,Philippines,https://upload.wikimedia.org/wikipedia/commons/thumb/3/39/Lrtalogo.svg/128px-Lrtalogo.svg.png,Manila Metro Rail Transit System,1999,2000,13,1,16.9,129
Warsaw,https://upload.wikimedia.org/wikipedia/en/thumb/1/12/Flag_of_Poland.svg/188px-Flag_of_Poland.svg.png,Poland,https://upload.wikimedia.org/wikipedia/commons/thumb/8/82/Warsaw_Metro_logo.svg/180px-Warsaw_Metro_logo.svg.png,Warsaw Metro,1995,2022,39,2,41.2,200
Lisbon,https://upload.wikimedia.org/wikipedia/commons/thumb/5/5c/Flag_of_Portugal.svg/188px-Flag_of_Portugal.svg.png,Portugal,https://upload.wikimedia.org/wikipedia/commons/thumb/5/5a/Metropolitano_Lisboa_logo.svg/180px-Metropolitano_Lisboa_logo.svg.png,Lisbon Metro,1959,2016,56,4,44.2,184.6
Doha,https://upload.wikimedia.org/wikipedia/commons/thumb/6/65/Flag_of_Qatar.svg/203px-Flag_of_Qatar.svg.png,Qatar,https://upload.wikimedia.org/wikipedia/commons/thumb/7/73/Doha_Metro_Logo_04.2019.svg/300px-Doha_Metro_Logo_04.2019.svg.png,Doha Metro,2019,2019,37,3,76,
Bucharest,https://upload.wikimedia.org/wikipedia/commons/thumb/7/73/Flag_of_Romania.svg/188px-Flag_of_Romania.svg.png,Romania,https://upload.wikimedia.org/wikipedia/commons/thumb/8/8d/Metrorex_logo.svg/225px-Metrorex_logo.svg.png,Bucharest Metro,1979,2023,64,5,80.1,179.2
Kazan,https://upload.wikimedia.org/wikipedia/en/thumb/f/f3/Flag_of_Russia.svg/188px-Flag_of_Russia.svg.png,Russia,https://upload.wikimedia.org/wikipedia/commons/thumb/6/60/Kazan_metro_logo.svg/180px-Kazan_metro_logo.svg.png,Kazan Metro,2005,2018,11,1,16.8,30.5
Moscow,https://upload.wikimedia.org/wikipedia/en/thumb/f/f3/Flag_of_Russia.svg/188px-Flag_of_Russia.svg.png,Russia,https://upload.wikimedia.org/wikipedia/commons/thumb/d/d0/%D0%9B%D0%BE%D0%B3%D0%BE%D1%82%D0%B8%D0%BF_%D0%BC%D0%B5%D1%82%D1%80%D0%BE_%D0%B2_%D1%81%D0%B8%D1%81%D1%82%D0%B5%D0%BC%D0%B5_%D0%B1%D1%80%D0%B5%D0%BD%D0%B4%D0%B0_%D0%BC%D0%BE%D1%81%D0%BA%D0%BE%D0%B2%D1%81%D0%BA%D0%BE%D0%B3%D0%BE_%D1%82%D1%80%D0%B0%D0%BD%D1%81%D0%BF%D0%BE%D1%80%D1%82%D0%B0.svg/180px-%D0%9B%D0%BE%D0%B3%D0%BE%D1%82%D0%B8%D0%BF_%D0%BC%D0%B5%D1%82%D1%80%D0%BE_%D0%B2_%D1%81%D0%B8%D1%81%D1%82%D0%B5%D0%BC%D0%B5_%D0%B1%D1%80%D0%B5%D0%BD%D0%B4%D0%B0_%D0%BC%D0%BE%D1%81%D0%BA%D0%BE%D0%B2%D1%81%D0%BA%D0%BE%D0%B3%D0%BE_%D1%82%D1%80%D0%B0%D0%BD%D1%81%D0%BF%D0%BE%D1%80%D1%82%D0%B0.svg.png,Moscow Metro,1935,2024,235,16,525.8,2288.5
Nizhny Novgorod,https://upload.wikimedia.org/wikipedia/en/thumb/f/f3/Flag_of_Russia.svg/188px-Flag_of_Russia.svg.png,Russia,https://upload.wikimedia.org/wikipedia/commons/thumb/2/23/NNMetro.svg/180px-NNMetro.svg.png,Nizhny Novgorod Metro,1985,2018,15,2,21.4,29.9
Novosibirsk,https://upload.wikimedia.org/wikipedia/en/thumb/f/f3/Flag_of_Russia.svg/188px-Flag_of_Russia.svg.png,Russia,https://upload.wikimedia.org/wikipedia/commons/thumb/a/a5/Novosibirsk_Metro_logo.svg/150px-Novosibirsk_Metro_logo.svg.png,Novosibirsk Metro,1986,2010,14,2,15.9,77.3
Saint Petersburg,https://upload.wikimedia.org/wikipedia/en/thumb/f/f3/Flag_of_Russia.svg/188px-Flag_of_Russia.svg.png,Russia,https://upload.wikimedia.org/wikipedia/commons/thumb/7/79/Spb_metro_logo_%28alt_shaping%29.svg/150px-Spb_metro_logo_%28alt_shaping%29.svg.png,Saint Petersburg Metro,1955,2024,73,5,128.4,649
Samara,https://upload.wikimedia.org/wikipedia/en/thumb/f/f3/Flag_of_Russia.svg/188px-Flag_of_Russia.svg.png,Russia,https://upload.wikimedia.org/wikipedia/commons/thumb/0/0a/Samara_Metro_logo.svg/180px-Samara_Metro_logo.svg.png,Samara Metro,1987,2015,10,1,11.6,11.2
Yekaterinburg,https://upload.wikimedia.org/wikipedia/en/thumb/f/f3/Flag_of_Russia.svg/188px-Flag_of_Russia.svg.png,Russia,https://upload.wikimedia.org/wikipedia/commons/thumb/2/2d/Ekb_metro_logo.svg/120px-Ekb_metro_logo.svg.png,Yekaterinburg Metro,1991,2012,9,1,12.7,38.9
Riyadh,https://upload.wikimedia.org/wikipedia/commons/thumb/0/0d/Flag_of_Saudi_Arabia.svg/188px-Flag_of_Saudi_Arabia.svg.png,Saudi Arabia,https://upload.wikimedia.org/wikipedia/commons/thumb/9/96/Riyadh_Metro_Logo.svg/327px-Riyadh_Metro_Logo.svg.png,Riyadh Metro,2024,2025,85,6,176,
Singapore,https://upload.wikimedia.org/wikipedia/commons/thumb/4/48/Flag_of_Singapore.svg/188px-Flag_of_Singapore.svg.png,Singapore,https://upload.wikimedia.org/wikipedia/en/thumb/c/c8/Logo_of_Singapore_MRT.svg/225px-Logo_of_Singapore_MRT.svg.png,Mass Rapid Transit,1987,2024,142,6,242.6,1183.7
Barcelona,https://upload.wikimedia.org/wikipedia/en/thumb/9/9a/Flag_of_Spain.svg/188px-Flag_of_Spain.svg.png,Spain,https://upload.wikimedia.org/wikipedia/commons/thumb/8/81/Barcelona_Metro_Logo.svg/188px-Barcelona_Metro_Logo.svg.png,Barcelona Metro,1924,2021,132,12,128.3,371.7
Bilbao,https://upload.wikimedia.org/wikipedia/en/thumb/9/9a/Flag_of_Spain.svg/188px-Flag_of_Spain.svg.png,Spain,https://upload.wikimedia.org/wikipedia/commons/thumb/8/81/Barcelona_Metro_Logo.svg/188px-Barcelona_Metro_Logo.svg.png,Metro Bilbao,1995,2020,42,3,45.1,80.3
Madrid,https://upload.wikimedia.org/wikipedia/en/thumb/9/9a/Flag_of_Spain.svg/188px-Flag_of_Spain.svg.png,Spain,https://upload.wikimedia.org/wikipedia/commons/thumb/e/ea/MetroMadridLogo.svg/150px-MetroMadridLogo.svg.png,Madrid Metro,1919,2019,242,13,293.9,662.3
Stockholm,https://upload.wikimedia.org/wikipedia/en/thumb/4/4c/Flag_of_Sweden.svg/188px-Flag_of_Sweden.svg.png,Sweden,https://en.wikipedia.org/wiki/Stockholm_Metro#/media/File:Stockholm_metro_symbol.svg,Stockholm Metro,1950,1994,100,7,108,462
Lausanne,https://upload.wikimedia.org/wikipedia/commons/thumb/0/08/Flag_of_Switzerland_%28Pantone%29.svg/188px-Flag_of_Switzerland_%28Pantone%29.svg.png,Switzerland,https://upload.wikimedia.org/wikipedia/commons/thumb/d/de/Logo_M%C3%A9tro_Lausanne.svg/113px-Logo_M%C3%A9tro_Lausanne.svg.png,Lausanne MÃ©tro,2008,â€“,14,1,5.9,32.8
Kaohsiung,https://upload.wikimedia.org/wikipedia/commons/thumb/a/a9/Flag_of_Thailand.svg/188px-Flag_of_Thailand.svg.png,Taiwan,https://upload.wikimedia.org/wikipedia/en/thumb/d/d7/Kaohsiung_Mass_Rapid_Transit_Logo%28Logo_Only%29.svg/150px-Kaohsiung_Mass_Rapid_Transit_Logo%28Logo_Only%29.svg.png,Kaohsiung Rapid Transit,2008,2024,38,2,45.5,78
Taipei,https://upload.wikimedia.org/wikipedia/commons/thumb/a/a9/Flag_of_Thailand.svg/188px-Flag_of_Thailand.svg.png,Taiwan,https://upload.wikimedia.org/wikipedia/en/thumb/e/ee/Taipei_Metro_Logo%28Logo_Only%29.svg/150px-Taipei_Metro_Logo%28Logo_Only%29.svg.png,Taipei Metro,1996,2020,119,6,152.9,741.8
Taichung,https://upload.wikimedia.org/wikipedia/commons/thumb/a/a9/Flag_of_Thailand.svg/188px-Flag_of_Thailand.svg.png,Taiwan,https://upload.wikimedia.org/wikipedia/en/thumb/6/6b/Taichung_Metro_logo_plain.svg/150px-Taichung_Metro_logo_plain.svg.png,Taichung Metro,2021,â€“,18,1,16.7,15.8
Taoyuan,https://upload.wikimedia.org/wikipedia/commons/thumb/a/a9/Flag_of_Thailand.svg/188px-Flag_of_Thailand.svg.png,Taiwan,https://upload.wikimedia.org/wikipedia/en/thumb/2/20/Taoyuan_Metro_logo_plain.svg/150px-Taoyuan_Metro_logo_plain.svg.png,Taoyuan Metro,2017,2023,22,1,53.1,41.9
Bangkok,https://upload.wikimedia.org/wikipedia/commons/thumb/a/a9/Flag_of_Thailand.svg/188px-Flag_of_Thailand.svg.png,Thailand,https://upload.wikimedia.org/wikipedia/en/thumb/c/ce/BTSbangkok.svg/120px-BTSbangkok.svg.png,BTS Skytrain,1999,2021,64,3,70.05,266.7
Bangkok,https://upload.wikimedia.org/wikipedia/commons/thumb/a/a9/Flag_of_Thailand.svg/188px-Flag_of_Thailand.svg.png,Thailand,https://upload.wikimedia.org/wikipedia/commons/thumb/1/11/MRT_%28Bangkok%29_logo.svg/135px-MRT_%28Bangkok%29_logo.svg.png,Metropolitan Rapid Transit,2004,2023,107,4,101.4,213.1
Adana,https://upload.wikimedia.org/wikipedia/commons/thumb/b/b4/Flag_of_Turkey.svg/188px-Flag_of_Turkey.svg.png,Turkey,https://upload.wikimedia.org/wikipedia/commons/thumb/3/30/Adana_Metro_logo.svg/180px-Adana_Metro_logo.svg.png,Adana Metro,2009,2010,13,1,13.5,14
Ankara,https://upload.wikimedia.org/wikipedia/commons/thumb/b/b4/Flag_of_Turkey.svg/188px-Flag_of_Turkey.svg.png,Turkey,https://upload.wikimedia.org/wikipedia/commons/thumb/a/a1/Ankara_Metro_logo.svg/180px-Ankara_Metro_logo.svg.png,Ankara Metro,1997,2023,57,3,67.4,158.5
Bursa,https://upload.wikimedia.org/wikipedia/commons/thumb/b/b4/Flag_of_Turkey.svg/188px-Flag_of_Turkey.svg.png,Turkey,https://upload.wikimedia.org/wikipedia/commons/thumb/7/76/BursaRay_logo.svg/180px-BursaRay_logo.svg.png,Bursaray,2002,2014,40,2,40,91.3
Istanbul,https://upload.wikimedia.org/wikipedia/commons/thumb/b/b4/Flag_of_Turkey.svg/188px-Flag_of_Turkey.svg.png,Turkey,https://upload.wikimedia.org/wikipedia/commons/thumb/4/4f/Istanbul_Metro_Logo.svg/180px-Istanbul_Metro_Logo.svg.png,Istanbul Metro,1989,2024,147,11,243.3,831.4
Izmir,https://upload.wikimedia.org/wikipedia/commons/thumb/b/b4/Flag_of_Turkey.svg/188px-Flag_of_Turkey.svg.png,Turkey,https://upload.wikimedia.org/wikipedia/commons/thumb/5/55/Metro_%C4%B0zmir_logo.svg/180px-Metro_%C4%B0zmir_logo.svg.png,Izmir Metro,2000,2024,24,1,27,100
Dnipro,https://upload.wikimedia.org/wikipedia/commons/thumb/4/49/Flag_of_Ukraine.svg/188px-Flag_of_Ukraine.svg.png,Ukraine,https://upload.wikimedia.org/wikipedia/commons/thumb/7/7b/Dnipro_Metro_logo.svg/180px-Dnipro_Metro_logo.svg.png,Dnipro Metro,1995,â€“,6,1,7.8,7.5
Kharkiv,https://upload.wikimedia.org/wikipedia/commons/thumb/4/49/Flag_of_Ukraine.svg/188px-Flag_of_Ukraine.svg.png,Ukraine,https://upload.wikimedia.org/wikipedia/commons/thumb/3/3f/Kharkiv_Metro_logo.svg/180px-Kharkiv_Metro_logo.svg.png,Kharkiv Metro,1975,2016,30,3,38.7,231.1
Kyiv,https://upload.wikimedia.org/wikipedia/commons/thumb/4/49/Flag_of_Ukraine.svg/188px-Flag_of_Ukraine.svg.png,Ukraine,https://upload.wikimedia.org/wikipedia/commons/thumb/8/84/Kyiv_Metro_logo_2015.svg/180px-Kyiv_Metro_logo_2015.svg.png,Kyiv Metro,1960,2013,52,3,67.7,496.1
Dubai,https://upload.wikimedia.org/wikipedia/commons/thumb/c/cb/Flag_of_the_United_Arab_Emirates.svg/188px-Flag_of_the_United_Arab_Emirates.svg.png,United Arab Emirates,https://upload.wikimedia.org/wikipedia/en/thumb/9/97/Dubai_Metro_Logo.png/330px-Dubai_Metro_Logo.png,Dubai Metro,2009,2021,53,2,89.3,113.6
Glasgow,https://upload.wikimedia.org/wikipedia/commons/thumb/a/a5/Flag_of_the_United_Kingdom_%281-2%29.svg/188px-Flag_of_the_United_Kingdom_%281-2%29.svg.png,United Kingdom,https://upload.wikimedia.org/wikipedia/commons/thumb/c/ca/Glasgow_Subway.svg/207px-Glasgow_Subway.svg.png,Glasgow Subway,1896,â€“,15,1,10.4,11.9
London,https://upload.wikimedia.org/wikipedia/commons/thumb/a/a5/Flag_of_the_United_Kingdom_%281-2%29.svg/188px-Flag_of_the_United_Kingdom_%281-2%29.svg.png,United Kingdom,https://upload.wikimedia.org/wikipedia/commons/thumb/4/41/Underground.svg/225px-Underground.svg.png,London Underground,1863,2021,272,11,402,1181
London,https://upload.wikimedia.org/wikipedia/commons/thumb/a/a5/Flag_of_the_United_Kingdom_%281-2%29.svg/188px-Flag_of_the_United_Kingdom_%281-2%29.svg.png,United Kingdom,https://upload.wikimedia.org/wikipedia/commons/thumb/2/24/DLR_roundel.svg/225px-DLR_roundel.svg.png,Docklands Light Railway,1987,2011,45,7,34,92.3
Atlanta,https://upload.wikimedia.org/wikipedia/commons/thumb/a/a9/Flag_of_the_United_States_%28DoS_ECA_Color_Standard%29.svg/188px-Flag_of_the_United_States_%28DoS_ECA_Color_Standard%29.svg.png,United States,https://upload.wikimedia.org/wikipedia/commons/thumb/2/24/DLR_roundel.svg/225px-DLR_roundel.svg.png,MARTA,1979,2000,38,4,76.6,28.2
Baltimore,https://upload.wikimedia.org/wikipedia/commons/thumb/a/a9/Flag_of_the_United_States_%28DoS_ECA_Color_Standard%29.svg/188px-Flag_of_the_United_States_%28DoS_ECA_Color_Standard%29.svg.png,United States,https://upload.wikimedia.org/wikipedia/commons/thumb/c/c6/Baltimore_Metro_SubwayLink_Logo_for_Signage_%28Blue%29.svg/113px-Baltimore_Metro_SubwayLink_Logo_for_Signage_%28Blue%29.svg.png,Baltimore Metro SubwayLink,1983,1995,14,1,24.9,2
Boston,https://upload.wikimedia.org/wikipedia/commons/thumb/a/a9/Flag_of_the_United_States_%28DoS_ECA_Color_Standard%29.svg/188px-Flag_of_the_United_States_%28DoS_ECA_Color_Standard%29.svg.png,United States,https://upload.wikimedia.org/wikipedia/commons/thumb/c/c6/Baltimore_Metro_SubwayLink_Logo_for_Signage_%28Blue%29.svg/113px-Baltimore_Metro_SubwayLink_Logo_for_Signage_%28Blue%29.svg.png,MBTA subway,1901,2014,52,3,63.9,85.4
Chicago,https://upload.wikimedia.org/wikipedia/commons/thumb/a/a9/Flag_of_the_United_States_%28DoS_ECA_Color_Standard%29.svg/188px-Flag_of_the_United_States_%28DoS_ECA_Color_Standard%29.svg.png,United States,https://upload.wikimedia.org/wikipedia/commons/thumb/c/c6/Baltimore_Metro_SubwayLink_Logo_for_Signage_%28Blue%29.svg/113px-Baltimore_Metro_SubwayLink_Logo_for_Signage_%28Blue%29.svg.png,"Chicago ""L""",1892,2024,146,8,165.4,103.5
Cleveland,https://upload.wikimedia.org/wikipedia/commons/thumb/a/a9/Flag_of_the_United_States_%28DoS_ECA_Color_Standard%29.svg/188px-Flag_of_the_United_States_%28DoS_ECA_Color_Standard%29.svg.png,United States,https://upload.wikimedia.org/wikipedia/commons/thumb/c/c6/Baltimore_Metro_SubwayLink_Logo_for_Signage_%28Blue%29.svg/113px-Baltimore_Metro_SubwayLink_Logo_for_Signage_%28Blue%29.svg.png,Red Line (RTA Rapid Transit),1955,1968,18,1,31,2.8
Honolulu,https://upload.wikimedia.org/wikipedia/commons/thumb/a/a9/Flag_of_the_United_States_%28DoS_ECA_Color_Standard%29.svg/188px-Flag_of_the_United_States_%28DoS_ECA_Color_Standard%29.svg.png,United States,https://upload.wikimedia.org/wikipedia/commons/thumb/c/c6/Baltimore_Metro_SubwayLink_Logo_for_Signage_%28Blue%29.svg/113px-Baltimore_Metro_SubwayLink_Logo_for_Signage_%28Blue%29.svg.png,Skyline,2023,â€“,9,1,17.4,
Los Angeles,https://upload.wikimedia.org/wikipedia/commons/thumb/a/a9/Flag_of_the_United_States_%28DoS_ECA_Color_Standard%29.svg/188px-Flag_of_the_United_States_%28DoS_ECA_Color_Standard%29.svg.png,United States,https://upload.wikimedia.org/wikipedia/commons/thumb/c/c6/Baltimore_Metro_SubwayLink_Logo_for_Signage_%28Blue%29.svg/113px-Baltimore_Metro_SubwayLink_Logo_for_Signage_%28Blue%29.svg.png,Metro Rail,1993,2000,16,2,28,25.8
Miami,https://upload.wikimedia.org/wikipedia/commons/thumb/a/a9/Flag_of_the_United_States_%28DoS_ECA_Color_Standard%29.svg/188px-Flag_of_the_United_States_%28DoS_ECA_Color_Standard%29.svg.png,United States,https://upload.wikimedia.org/wikipedia/commons/thumb/5/52/MDTMetro.svg/81px-MDTMetro.svg.png,Metrorail,1984,2012,23,2,39.3,12
New York City,https://upload.wikimedia.org/wikipedia/commons/thumb/a/a9/Flag_of_the_United_States_%28DoS_ECA_Color_Standard%29.svg/188px-Flag_of_the_United_States_%28DoS_ECA_Color_Standard%29.svg.png,United States,https://upload.wikimedia.org/wikipedia/commons/thumb/7/7a/MTA_New_York_City_Subway_logo.svg/327px-MTA_New_York_City_Subway_logo.svg.png,New York City Subway,1904,2017,423,28,399,2027.3
New York City,https://upload.wikimedia.org/wikipedia/commons/thumb/a/a9/Flag_of_the_United_States_%28DoS_ECA_Color_Standard%29.svg/188px-Flag_of_the_United_States_%28DoS_ECA_Color_Standard%29.svg.png,United States,https://upload.wikimedia.org/wikipedia/commons/thumb/7/7a/MTA_New_York_City_Subway_logo.svg/327px-MTA_New_York_City_Subway_logo.svg.png,Staten Island Railway,1925,2017,21,1,22.5,3.8
New York City,https://upload.wikimedia.org/wikipedia/commons/thumb/a/a9/Flag_of_the_United_States_%28DoS_ECA_Color_Standard%29.svg/188px-Flag_of_the_United_States_%28DoS_ECA_Color_Standard%29.svg.png,United States,https://upload.wikimedia.org/wikipedia/commons/thumb/7/7a/MTA_New_York_City_Subway_logo.svg/327px-MTA_New_York_City_Subway_logo.svg.png,PATH,1908,1937,13,4,22.2,45.5
Philadelphia,https://upload.wikimedia.org/wikipedia/commons/thumb/a/a9/Flag_of_the_United_States_%28DoS_ECA_Color_Standard%29.svg/188px-Flag_of_the_United_States_%28DoS_ECA_Color_Standard%29.svg.png,United States,https://upload.wikimedia.org/wikipedia/commons/thumb/1/16/SEPTA_Metro_text.svg/450px-SEPTA_Metro_text.svg.png,SEPTA Metro,1907,1973,53,2,59.1,41.2
Philadelphia,https://upload.wikimedia.org/wikipedia/commons/thumb/a/a9/Flag_of_the_United_States_%28DoS_ECA_Color_Standard%29.svg/188px-Flag_of_the_United_States_%28DoS_ECA_Color_Standard%29.svg.png,United States,https://upload.wikimedia.org/wikipedia/en/thumb/1/1a/PATCO_Speedline.svg/150px-PATCO_Speedline.svg.png,PATCO Speedline,1936,1980,13,1,22.9,4.9
San FranciscoÂ (Bay Area),https://upload.wikimedia.org/wikipedia/commons/thumb/a/a9/Flag_of_the_United_States_%28DoS_ECA_Color_Standard%29.svg/188px-Flag_of_the_United_States_%28DoS_ECA_Color_Standard%29.svg.png,United States,https://upload.wikimedia.org/wikipedia/commons/thumb/2/26/Bart-logo.svg/150px-Bart-logo.svg.png,BART,1972,2020,47,6,192,39.6
"Washington, D.C.",https://upload.wikimedia.org/wikipedia/commons/thumb/a/a9/Flag_of_the_United_States_%28DoS_ECA_Color_Standard%29.svg/188px-Flag_of_the_United_States_%28DoS_ECA_Color_Standard%29.svg.png,United States,https://upload.wikimedia.org/wikipedia/commons/thumb/c/c6/Baltimore_Metro_SubwayLink_Logo_for_Signage_%28Blue%29.svg/113px-Baltimore_Metro_SubwayLink_Logo_for_Signage_%28Blue%29.svg.png,Washington Metro,1976,2023,98,6,208,136.3
San Juan,https://upload.wikimedia.org/wikipedia/commons/thumb/a/a9/Flag_of_the_United_States_%28DoS_ECA_Color_Standard%29.svg/188px-Flag_of_the_United_States_%28DoS_ECA_Color_Standard%29.svg.png,United States,https://upload.wikimedia.org/wikipedia/commons/thumb/c/c6/Logo_of_Tren_Urbano_de_San_Juan.svg/150px-Logo_of_Tren_Urbano_de_San_Juan.svg.png,Tren Urbano,2004,2005,16,1,17.2,2.5
Tashkent,https://upload.wikimedia.org/wikipedia/commons/thumb/8/84/Flag_of_Uzbekistan.svg/188px-Flag_of_Uzbekistan.svg.png,Uzbekistan,https://upload.wikimedia.org/wikipedia/commons/thumb/9/9e/Tashkent_metro_logo.svg/165px-Tashkent_metro_logo.svg.png,Tashkent Metro,1977,2023,48,4,66.5,136.7
Caracas,https://upload.wikimedia.org/wikipedia/commons/thumb/0/06/Flag_of_Venezuela.svg/188px-Flag_of_Venezuela.svg.png,Venezuela,https://upload.wikimedia.org/wikipedia/commons/thumb/7/75/Metro_de_Caracas_%28Venezuela%29_logo.svg/225px-Metro_de_Caracas_%28Venezuela%29_logo.svg.png,Caracas Metro,1983,2015,49,5,67.2,358
Valencia,https://upload.wikimedia.org/wikipedia/commons/thumb/0/06/Flag_of_Venezuela.svg/188px-Flag_of_Venezuela.svg.png,Venezuela,https://upload.wikimedia.org/wikipedia/commons/thumb/7/75/Metro_de_Caracas_%28Venezuela%29_logo.svg/225px-Metro_de_Caracas_%28Venezuela%29_logo.svg.png,Metro Valencia,2006,â€“,30,4,32.46,
Hanoi,https://upload.wikimedia.org/wikipedia/commons/thumb/2/21/Flag_of_Vietnam.svg/188px-Flag_of_Vietnam.svg.png,Vietnam,https://upload.wikimedia.org/wikipedia/en/thumb/3/35/HanoiMetro.svg/225px-HanoiMetro.svg.png,Hanoi Metro,2021,2024,20,2,21.6,10.7
Ho Chi Minh City,https://upload.wikimedia.org/wikipedia/commons/thumb/2/21/Flag_of_Vietnam.svg/188px-Flag_of_Vietnam.svg.png,Vietnam,https://upload.wikimedia.org/wikipedia/commons/thumb/7/79/HCMC_Metro_logo.svg/330px-HCMC_Metro_logo.svg.png,HCMC Metro,2024,â€“,14,1,19.7,
